Step,Price,Predicted Signal,Step Return,Trade Status
0,68183.78,[0.09269165],0.0,Trade initiated
1,68183.78,[0.09185028],-0.00075806153,Trade open
2,68132.09,[0.09176706],0.00021266054,Trade open
3,68198.28,[0.0995135],-0.0004900588,Trade open
4,68150.37,[0.09707161],-0.002852699,Trade open
5,67989.27,[0.0950887],-0.0025486038,Trade open
6,68010.01,[0.09577785],-0.0031397222,Trade open
7,67969.7,[0.09522171],-0.0031679089,Trade open
8,67967.78,[0.09271166],-0.0017128569,Trade open
9,68066.99,[0.1058027],-0.00011377798,Trade open
10,68176.02,[0.12885423],-0.0025780508,Trade open
11,68008.0,[0.10616051],-0.006901843,Trade open
12,67713.19,[0.09173591],-0.006449939,Trade open
13,67744.0,[0.09312727],-0.006240258,Trade open
14,67758.3,[0.0943938],-0.0062561845,Trade open
15,67757.21,[0.09665407],-0.0064239297,Trade open
16,67745.77,[0.09663166],-0.007884137,Trade open
17,67646.21,[0.09306322],-0.012917181,Trade open
18,67303.04,[0.09429782],-0.009559642,Trade open
19,67531.97,[0.09754387],-0.008503328,Trade open
20,67603.99,[0.103816],-0.007703903,Trade closed
21,67658.5,[0.11709367],0.0,Trade initiated
22,67658.5,[0.11269747],-0.0002491834,Trade open
23,67641.64,[0.1118587],0.0026424064,Trade open
24,67837.28,[0.12956007],0.0028667639,Trade open
25,67852.46,[0.13047642],0.00290764,Trade open
26,67855.23,[0.13003354],0.0048406012,Trade open
27,67986.01,[0.13188998],0.006610981,Trade open
28,68105.79,[0.13718718],0.0061706956,Trade open
29,68076.0,[0.13497247],0.0059622726,Trade open
30,68061.9,[0.13194017],0.005184008,Trade open
31,68009.24,[0.12877606],0.009983963,Trade open
32,68334.0,[0.13504124],0.015038876,Trade open
33,68676.01,[0.14020061],0.00964864,Trade open
34,68311.31,[0.13350962],0.009406385,Trade open
35,68294.92,[0.13078488],0.0004656889,Trade open
36,67690.01,[0.11343455],-0.000775032,Trade open
37,67606.06,[0.10767823],0.00016997126,Trade open
38,67670.0,[0.11114813],-0.0035545006,Trade open
39,67418.01,[0.10305052],-0.012156524,Trade open
40,66836.01,[0.09561387],-0.0038207737,Trade open
41,67399.99,[0.10675582],-0.009339413,Trade closed
42,67026.61,[0.11245344],0.0,Trade initiated
43,67026.61,[0.10564642],-0.0013817973,Trade open
44,66933.99,[0.10394999],-0.0026349144,Trade open
45,66850.0,[0.1043404],-0.0017370667,Trade open
46,66910.18,[0.10659966],-0.0013221195,Trade open
47,66937.99,[0.10845056],0.0020426821,Trade open
48,67163.52,[0.11625978],0.004047483,Trade open
49,67297.9,[0.12146678],0.002701469,Trade open
50,67207.68,[0.12374389],-0.0059705763,Trade open
51,66626.42,[0.10492375],-0.017768014,Trade open
52,65835.68,[0.0997806],-0.004897775,Trade open
53,66698.33,[0.11009634],-0.003768909,Trade open
54,66773.99,[0.11725812],-0.0043357313,Trade open
55,66736.0,[0.11781875],-0.0039083124,Trade open
56,66764.65,[0.11760736],-0.0046939147,Trade open
57,66711.99,[0.11680856],-0.004273839,Trade open
58,66740.15,[0.11720598],-0.0026769917,Trade open
59,66847.18,[0.12433054],-0.0011286329,Trade open
60,66950.96,[0.12579942],-0.0016800697,Trade open
61,66914.0,[0.12543166],-0.0010449442,Trade open
62,66956.57,[0.12521957],-0.0011717594,Trade closed
63,66948.07,[0.12550873],0.0,Trade initiated
64,66948.07,[0.12564257],0.0029859897,Trade open
65,67147.98,[0.13049819],0.0027473485,Trade open
66,67132.0,[0.13037823],0.002627503,Trade open
67,67123.98,[0.13033925],0.0033154194,Trade open
68,67170.03,[0.13058862],0.0013432753,Trade open
69,67038.0,[0.12908232],0.00089505006,Trade open
70,67007.99,[0.1280052],0.0028369704,Trade open
71,67138.0,[0.13114798],0.0027869083,Trade open
72,67134.65,[0.1309317],0.0040421956,Trade open
73,67218.69,[0.13146912],0.0015934692,Trade open
74,67054.75,[0.1299667],0.003314836,Trade open
75,67169.99,[0.13160716],0.001581683,Trade open
76,67053.96,[0.12716848],0.0015672129,Trade open
77,67052.99,[0.12180591],0.0028369704,Trade open
78,67138.0,[0.1309522],0.0012238964,Trade open
79,67030.01,[0.12629494],0.0012851612,Trade open
80,67034.11,[0.12145742],0.0017912671,Trade open
81,67067.99,[0.11929269],-0.00080764556,Trade open
82,66894.0,[0.1127741],-0.0018266257,Trade open
83,66825.78,[0.10392316],-0.0022417095,Trade closed
84,66797.99,[0.10765349],0.0,Trade initiated
85,66797.99,[0.10399023],0.002086398,Trade open
86,66937.36,[0.11990117],0.0013248901,Trade open
87,66886.49,[0.12283847],0.002432474,Trade open
88,66960.48,[0.1222261],0.0027246329,Trade open
89,66979.99,[0.12911943],0.0037352592,Trade open
90,67047.5,[0.13160667],0.0039523314,Trade open
91,67062.0,[0.13057786],0.004622379,Trade open
92,67106.76,[0.13157514],0.0036529214,Trade open
93,67042.0,[0.13017707],0.0048471703,Trade open
94,67121.77,[0.13037404],0.005688794,Trade open
95,67177.99,[0.13092373],0.008464888,Trade open
96,67363.43,[0.13933171],0.0069982456,Trade open
97,67265.46,[0.13451278],0.006018145,Trade open
98,67199.99,[0.12860082],0.00567125,Trade open
99,67176.82,[0.128531],0.0051064645,Trade open
100,67139.09,[0.1280543],0.005000267,Trade open
101,67132.0,[0.12798329],0.004802025,Trade open
102,67118.76,[0.12797101],0.0044127917,Trade open
103,67092.76,[0.12567051],0.0041319774,Trade open
104,67074.0,[0.12170197],0.0041319774,Trade closed
105,67074.0,[0.12551068],0.0,Trade initiated
106,67074.0,[0.11939728],0.0,Trade open
107,67074.0,[0.11715347],0.0,Trade open
108,67074.0,[0.11471018],0.0,Trade open
109,67074.0,[0.117589],0.0,Trade open
110,67074.0,[0.11336216],0.0,Trade open
111,67074.0,[0.11291236],0.0,Trade open
112,67074.0,[0.10910674],0.0,Trade open
113,67074.0,[0.12173412],0.0,Trade open
114,67074.0,[0.11960733],0.0,Trade open
115,67074.0,[0.11728342],0.0,Trade open
116,67074.0,[0.11491952],0.0,Trade open
117,67074.0,[0.11782632],0.0,Trade open
118,67074.0,[0.11358692],0.0,Trade open
119,67074.0,[0.11310457],0.0,Trade open
120,67074.0,[0.10938188],-0.001375696,Trade open
121,66981.73,[0.12168065],-0.001375696,Trade open
122,66981.73,[0.11938556],-0.001375696,Trade open
123,66981.73,[0.11713452],-0.001375696,Trade open
124,66981.73,[0.11469395],-0.001375696,Trade open
125,66981.73,[0.1175768],-0.001375696,Trade closed
126,66981.73,[0.11954778],0.0,Trade initiated
127,66981.73,[0.11334455],0.0,Trade open
128,66981.73,[0.11290535],0.0,Trade open
129,66981.73,[0.10909214],0.0,Trade open
130,66981.73,[0.12172861],0.0,Trade open
131,66981.73,[0.11959438],0.0,Trade open
132,66981.73,[0.11727279],0.0,Trade open
133,66981.73,[0.11490723],0.0,Trade open
134,66981.73,[0.11781926],0.0,Trade open
135,66981.73,[0.11356892],0.0,Trade open
136,66981.73,[0.11309733],0.0,Trade open
137,66981.73,[0.10936717],0.0004945379,Trade open
138,67014.85,[0.11834016],0.0004945379,Trade open
139,67014.85,[0.11973924],0.0004945379,Trade open
140,67014.85,[0.1212631],0.0004945379,Trade open
141,67014.85,[0.12265843],0.0004945379,Trade open
142,67014.85,[0.12176065],0.0004945379,Trade open
143,67014.85,[0.12324878],0.0004945379,Trade open
144,67014.85,[0.12431331],0.0004945379,Trade open
145,67014.85,[0.12603107],0.0004945379,Trade open
146,67014.85,[0.11836586],0.0004945379,Trade closed
147,67014.85,[0.12402364],0.0,Trade initiated
148,67014.85,[0.11974064],0.0,Trade open
149,67014.85,[0.12127387],0.0,Trade open
150,67014.85,[0.12266663],0.0,Trade open
151,67014.85,[0.12176272],0.0,Trade open
152,67014.85,[0.12324403],0.0,Trade open
153,67014.85,[0.12431776],0.0,Trade open
154,67014.85,[0.12602454],0.0008966063,Trade open
155,67074.94,[0.1183469],0.0008966063,Trade open
156,67074.94,[0.11974484],0.0008966063,Trade open
157,67074.94,[0.12126909],0.0008966063,Trade open
158,67074.94,[0.12266357],0.0008966063,Trade open
159,67074.94,[0.12176568],0.0008966063,Trade open
160,67074.94,[0.12325258],0.0008966063,Trade open
161,67074.94,[0.12431793],0.0008966063,Trade open
162,67074.94,[0.12603436],0.0008966063,Trade open
163,67074.94,[0.1183726],0.0008966063,Trade open
164,67074.94,[0.11974993],0.0008966063,Trade open
165,67074.94,[0.12128264],0.0008966063,Trade open
166,67074.94,[0.12267404],0.0008966063,Trade open
167,67074.94,[0.12176795],0.0008966063,Trade closed
168,67074.94,[0.12815663],0.0,Trade initiated
169,67074.94,[0.12324654],0.0,Trade open
170,67074.94,[0.12432116],0.0,Trade open
171,67074.94,[0.12602463],-0.00065400265,Trade open
172,67031.07,[0.12495204],-0.00031215086,Trade open
173,67054.0,[0.12647893],0.001715432,Trade open
174,67190.0,[0.12720102],0.0031998958,Trade open
175,67289.57,[0.13756193],0.0024827642,Trade open
176,67241.47,[0.1344606],0.0012681711,Trade open
177,67160.0,[0.1300551],0.001679791,Trade open
178,67187.61,[0.13066645],0.0015934836,Trade open
179,67181.82,[0.12969516],0.0010891503,Trade open
180,67147.99,[0.13011438],0.0016557972,Trade open
181,67186.0,[0.13137373],0.0017153156,Trade open
182,67189.99,[0.12890118],0.0019242703,Trade open
183,67204.01,[0.12884903],0.0020954874,Trade open
184,67215.49,[0.12844548],0.0022521452,Trade open
185,67226.0,[0.13035868],0.0011489015,Trade open
186,67152.0,[0.12842941],0.0011109309,Trade open
187,67149.45,[0.12167897],0.00068987673,Trade open
188,67121.21,[0.11919967],0.00019474488,Trade closed
189,67088.0,[0.12047354],0.0,Trade initiated
190,67088.0,[0.11387232],0.0007452898,Trade open
191,67138.0,[0.11950833],0.0005968141,Trade open
192,67128.04,[0.12731709],0.004198194,Trade open
193,67369.65,[0.13999572],0.004650608,Trade open
194,67400.0,[0.14130428],0.008589464,Trade open
195,67664.25,[0.14452508],0.00787026,Trade open
196,67616.0,[0.14094868],0.008865688,Trade open
197,67682.78,[0.13752383],0.009062607,Trade open
198,67695.99,[0.13496839],0.009420463,Trade open
199,67720.0,[0.13352995],0.0104935635,Trade open
200,67791.99,[0.13184784],0.008973172,Trade open
201,67689.99,[0.1331187],0.011030288,Trade open
202,67828.0,[0.13149118],0.010007262,Trade open
203,67759.37,[0.13252603],0.010012269,Trade open
204,67759.7,[0.13308771],0.00892042,Trade open
205,67686.45,[0.12847951],0.0070355353,Trade open
206,67560.0,[0.12818022],0.010631442,Trade open
207,67801.24,[0.1296816],0.011358216,Trade open
208,67850.0,[0.13431446],0.011924287,Trade open
209,67887.98,[0.136517],0.010046623,Trade closed
210,67762.01,[0.13219148],0.0,Trade initiated
211,67762.01,[0.13184394],0.002832985,Trade open
212,67953.98,[0.13581629],0.0024792654,Trade open
213,67930.01,[0.1397781],0.007945317,Trade open
214,68300.4,[0.14557323],0.0053421115,Trade open
215,68124.0,[0.14006864],0.004630752,Trade open
216,68075.8,[0.135105],0.0038324618,Trade open
217,68021.7,[0.13062039],0.004179379,Trade open
218,68045.21,[0.1312934],0.0014447393,Trade open
219,67859.91,[0.12953098],0.00053104054,Trade open
220,67797.99,[0.12452066],-0.00014930472,Trade open
221,67751.89,[0.12022507],0.0013972385,Trade open
222,67856.69,[0.12340405],0.00061958574,Trade open
223,67803.99,[0.12186877],0.0024812254,Trade open
224,67930.14,[0.13119909],-0.0005078666,Trade open
225,67727.59,[0.12058968],-0.0013293308,Trade open
226,67671.93,[0.11635847],-0.00026148502,Trade open
227,67744.29,[0.1203869],-0.0008412946,Trade open
228,67705.0,[0.11956463],0.002181809,Trade open
229,67909.85,[0.12772459],0.0009871406,Trade open
230,67828.9,[0.12832968],0.002909309,Trade closed
231,67959.15,[0.13082318],0.0,Trade initiated
232,67959.15,[0.12931433],0.009552844,Trade open
233,68608.35,[0.14147577],0.0067154313,Trade open
234,68415.52,[0.13696647],0.0072895354,Trade open
235,68454.54,[0.1375812],0.005427548,Trade open
236,68328.0,[0.13334237],0.0049788645,Trade open
237,68297.51,[0.12971102],0.00904737,Trade open
238,68574.0,[0.13444753],0.011489899,Trade open
239,68739.99,[0.136644],0.009810581,Trade open
240,68625.87,[0.13616653],0.01145863,Trade open
241,68737.87,[0.1322519],0.0116928015,Trade open
242,68753.78,[0.13306889],0.014183958,Trade open
243,68923.08,[0.13508782],0.013962203,Trade open
244,68908.01,[0.13820797],0.014785997,Trade open
245,68963.99,[0.13817728],0.012667077,Trade open
246,68819.99,[0.13702764],0.012530966,Trade open
247,68810.74,[0.13280867],0.012961486,Trade open
248,68840.0,[0.13201979],0.008267949,Trade open
249,68521.03,[0.12699783],0.007873181,Trade open
250,68494.2,[0.12722306],0.0122923115,Trade open
251,68794.52,[0.12950939],0.0110378815,Trade closed
252,68709.27,[0.13157342],0.0,Trade initiated
253,68709.27,[0.12582189],0.0035385734,Trade open
254,68952.41,[0.12908003],0.0039983913,Trade open
255,68984.0,[0.13719368],0.0031299223,Trade open
256,68924.33,[0.13301769],0.0073184264,Trade open
257,69212.12,[0.13534988],0.016122846,Trade open
258,69817.06,[0.14626531],0.013399984,Trade open
259,69629.98,[0.14285275],0.0106641585,Trade open
260,69442.0,[0.13789257],0.0136122685,Trade open
261,69644.56,[0.13720131],0.012818048,Trade open
262,69589.99,[0.13695176],0.015743531,Trade open
263,69791.0,[0.13646425],0.017494682,Trade open
264,69911.32,[0.13678738],0.018227162,Trade open
265,69961.65,[0.13511483],0.016005618,Trade open
266,69809.01,[0.13285731],0.018235348,Trade open
267,69962.21,[0.13352199],0.016579026,Trade open
268,69848.41,[0.13285805],0.018216018,Trade open
269,69960.88,[0.13382412],0.017561654,Trade open
270,69915.92,[0.13286969],0.023305511,Trade open
271,70310.58,[0.13795896],0.038753524,Trade open
272,71372.0,[0.14324073],0.036105365,Trade closed
273,71190.05,[0.14121406],0.0,Trade initiated
274,71190.05,[0.13866627],0.00025207613,Trade open
275,71207.99,[0.13440123],-0.0035385038,Trade open
276,70938.14,[0.13533553],-0.0011323125,Trade open
277,71109.44,[0.13443637],-0.0014333333,Trade open
278,71088.01,[0.13351652],-0.00384567,Trade open
279,70916.27,[0.13124248],-0.0021078044,Trade open
280,71039.99,[0.13170604],-0.0012248245,Trade open
281,71102.85,[0.13272789],0.0008204272,Trade open
282,71248.45,[0.1332335],-0.0021434703,Trade open
283,71037.45,[0.13018312],-0.0024171656,Trade open
284,71017.97,[0.1296458],-0.0011088278,Trade open
285,71111.11,[0.13018009],-0.00078717555,Trade open
286,71134.01,[0.13053466],0.0019677742,Trade open
287,71330.13,[0.13453464],0.0015644743,Trade open
288,71301.42,[0.13394646],-0.00061872235,Trade open
289,71146.0,[0.1317414],-0.0002630503,Trade open
290,71171.32,[0.130598],0.0015443916,Trade open
291,71299.99,[0.13258822],0.003679741,Trade open
292,71452.01,[0.14212595],0.00062157563,Trade open
293,71234.3,[0.13114057],-0.0011523952,Trade closed
294,71108.01,[0.13287295],0.0,Trade initiated
295,71108.01,[0.1289689],0.0016951546,Trade open
296,71228.55,[0.13029756],0.0097878175,Trade open
297,71804.0,[0.14336425],0.0068064374,Trade open
298,71592.0,[0.14095742],0.010675112,Trade open
299,71867.09,[0.14290379],0.011441222,Trade open
300,71921.57,[0.14118981],0.018197669,Trade open
301,72402.01,[0.14150071],0.022472747,Trade open
302,72706.0,[0.14094715],0.02294298,Trade open
303,72739.44,[0.13785662],0.025510488,Trade open
304,72922.01,[0.13599318],0.022690725,Trade open
305,72721.5,[0.13653696],0.024482783,Trade open
306,72848.93,[0.13593537],0.02899814,Trade open
307,73170.01,[0.13499258],0.024637148,Trade open
308,72859.91,[0.13337654],0.020084213,Trade open
309,72536.16,[0.13028656],0.012481343,Trade open
310,71995.53,[0.12830223],0.01727247,Trade open
311,72336.22,[0.131322],0.018453551,Trade open
312,72420.2,[0.13076578],0.016622161,Trade open
313,72289.98,[0.12908721],0.017795661,Trade open
314,72373.42,[0.12913112],0.021825843,Trade closed
315,72660.0,[0.13359173],0.0,Trade initiated
316,72660.0,[0.12832154],-0.00035793852,Trade open
317,72633.99,[0.12778209],0.0010517737,Trade open
318,72736.42,[0.12861034],-0.002842434,Trade open
319,72453.47,[0.12770946],-0.0050923177,Trade open
320,72289.99,[0.12700383],-0.0072116707,Trade open
321,72136.0,[0.12024224],-0.003366923,Trade open
322,72415.36,[0.12991795],-0.0033030554,Trade open
323,72420.0,[0.12896974],-0.0043628933,Trade open
324,72342.99,[0.12848146],-0.0055105756,Trade open
325,72259.6,[0.12858562],-0.0058629233,Trade open
326,72234.0,[0.1255931],-0.0046831993,Trade open
327,72319.72,[0.12895438],-0.005202312,Trade open
328,72282.0,[0.12866716],-0.0024079403,Trade open
329,72485.04,[0.12888215],-0.0022295623,Trade open
330,72498.0,[0.1291783],-0.003246499,Trade open
331,72424.11,[0.12674542],-0.004867706,Trade open
332,72306.31,[0.12680903],-0.0046276106,Trade open
333,72323.76,[0.12757327],-0.005945607,Trade open
334,72227.99,[0.12072276],-0.0023386965,Trade open
335,72490.07,[0.13109665],-0.005761746,Trade closed
336,72241.35,[0.12983528],0.0,Trade initiated
337,72241.35,[0.12522782],0.0036693406,Trade open
338,72506.43,[0.13147312],0.004632475,Trade open
339,72576.01,[0.13238458],0.0036355995,Trade open
340,72503.99,[0.13043454],0.0018918787,Trade open
341,72378.02,[0.130152],-0.001264641,Trade open
342,72149.99,[0.1149471],-0.003562494,Trade open
343,71983.99,[0.10299903],-0.0025104648,Trade open
344,72059.99,[0.10487208],-0.00524879,Trade open
345,71862.17,[0.10400745],-0.0064965603,Trade open
346,71772.03,[0.10341014],-0.0038115506,Trade open
347,71966.0,[0.11113379],-0.0010387272,Trade open
348,72166.31,[0.12637463],0.002359279,Trade open
349,72411.79,[0.13090326],-0.0039222906,Trade open
350,71958.0,[0.11596718],-0.0024917559,Trade open
351,72061.34,[0.11870447],-0.0029602377,Trade open
352,72027.5,[0.11733355],-0.0018063365,Trade open
353,72110.86,[0.12663865],-0.005360503,Trade open
354,71854.1,[0.11596002],-0.0047982605,Trade open
355,71894.72,[0.11161815],-0.0030640562,Trade open
356,72020.0,[0.12451836],-0.0036904288,Trade closed
357,71974.75,[0.12764814],0.0,Trade initiated
358,71974.75,[0.12732702],-0.0016028841,Trade open
359,71859.38,[0.11857495],-0.0021221635,Trade open
360,71822.01,[0.11847074],0.004563015,Trade open
361,72303.17,[0.12986179],0.012259725,Trade open
362,72857.14,[0.14164764],0.004595253,Trade open
363,72305.49,[0.13322213],0.005743008,Trade open
364,72388.1,[0.12773935],0.0076801023,Trade open
365,72527.52,[0.1310408],0.0058721765,Trade open
366,72397.4,[0.12709565],0.009004786,Trade open
367,72622.87,[0.13051769],0.005140583,Trade open
368,72344.74,[0.12407015],0.0047301743,Trade open
369,72315.2,[0.1242484],0.0026570733,Trade open
370,72165.99,[0.1257724],0.004518837,Trade open
371,72299.99,[0.12792654],0.005491509,Trade open
372,72370.0,[0.1303849],0.0047411374,Trade open
373,72315.99,[0.12974398],0.008034176,Trade open
374,72553.01,[0.13053484],0.0056317495,Trade open
375,72380.09,[0.12841399],0.005265627,Trade open
376,72353.74,[0.12877285],0.004685671,Trade open
377,72312.0,[0.1290013],0.0041575995,Trade closed
378,72273.99,[0.12921527],0.0,Trade initiated
379,72273.99,[0.12777707],0.00013122805,Trade open
380,72283.48,[0.12752463],0.000110797984,Trade open
381,72282.0,[0.12822333],8.172027e-05,Trade open
382,72279.9,[0.12807593],-0.0008561171,Trade open
383,72212.12,[0.12023516],0.0013283867,Trade open
384,72370.0,[0.13039517],0.001981284,Trade open
385,72417.19,[0.13132218],-0.0006915956,Trade open
386,72224.01,[0.12203719],2.842914e-05,Trade open
387,72276.05,[0.12207986],0.0013284949,Trade open
388,72370.01,[0.13055256],0.00042492378,Trade open
389,72304.7,[0.13032153],-9.393507e-05,Trade open
390,72267.2,[0.12728472],0.0050541176,Trade open
391,72639.27,[0.13786474],0.00084444275,Trade open
392,72335.02,[0.12844086],-0.00066403125,Trade open
393,72226.0,[0.12244368],-0.0021583447,Trade open
394,72118.0,[0.11502911],-0.0022136897,Trade open
395,72114.0,[0.11500978],-0.004344578,Trade open
396,71959.99,[0.10876117],-0.013365695,Trade open
397,71308.0,[0.09796337],-0.017876308,Trade open
398,70982.0,[0.09766915],-0.02105832,Trade closed
399,70752.02,[0.09549936],0.0,Trade initiated
400,70752.02,[0.09689704],0.0016640425,Trade open
401,70869.76,[0.09597984],-0.0018660023,Trade open
402,70620.0,[0.09656815],-0.0029981474,Trade open
403,70539.9,[0.09815624],-0.0049248813,Trade open
404,70403.58,[0.09845061],-0.0014419862,Trade open
405,70650.0,[0.10381608],0.00047006164,Trade open
406,70785.28,[0.10870354],-0.005361044,Trade open
407,70372.72,[0.10340574],-0.0016727657,Trade open
408,70633.67,[0.10979564],-0.004886786,Trade open
409,70406.27,[0.10808785],-0.009327693,Trade open
410,70092.07,[0.10140588],-0.007890565,Trade open
411,70193.75,[0.10099694],-0.010251253,Trade open
412,70026.73,[0.10003021],-0.0062344726,Trade open
413,70310.92,[0.10873144],-0.0043763104,Trade open
414,70442.39,[0.12005823],-0.006501912,Trade open
415,70292.0,[0.11529325],-0.0038447443,Trade open
416,70480.0,[0.12290919],-0.001858052,Trade open
417,70620.56,[0.12578137],-0.006501802,Trade open
418,70292.01,[0.12036272],-0.0045797057,Trade open
419,70428.0,[0.12332163],-0.008173574,Trade closed
420,70173.73,[0.11865242],0.0,Trade initiated
421,70173.73,[0.11389194],-0.0018578891,Trade open
422,70043.35,[0.10694698],-0.010997261,Trade open
423,69402.01,[0.10112637],-0.011168265,Trade open
424,69390.01,[0.10097535],-0.0084623685,Trade open
425,69579.89,[0.10162771],-0.007520287,Trade open
426,69646.0,[0.10747271],-0.011453494,Trade open
427,69369.99,[0.10407776],-0.0096009495,Trade open
428,69499.99,[0.10860533],-0.008289806,Trade open
429,69592.0,[0.11329528],-0.007930987,Trade open
430,69617.18,[0.11478783],-0.008043431,Trade open
431,69609.29,[0.11537308],-0.012336904,Trade open
432,69308.0,[0.10811976],-0.013703045,Trade open
433,69212.13,[0.10429637],-0.013106312,Trade open
434,69254.01,[0.10216209],-0.012825646,Trade open
435,69273.7,[0.10627586],-0.010142351,Trade open
436,69462.0,[0.11815154],-0.011366433,Trade open
437,69376.1,[0.11560642],-0.010626863,Trade open
438,69428.0,[0.11777333],-0.009103523,Trade open
439,69534.9,[0.12392023],-0.002561166,Trade open
440,69994.0,[0.12894203],-0.0026231774,Trade closed
441,69989.65,[0.12681718],0.0,Trade initiated
442,69989.65,[0.13181315],0.0028339012,Trade open
443,70187.99,[0.1361586],0.00017658861,Trade open
444,70002.01,[0.13059177],0.0014909571,Trade open
445,70094.0,[0.13025594],0.005218182,Trade open
446,70354.87,[0.13257466],0.003319799,Trade open
447,70222.0,[0.12913795],0.017299544,Trade open
448,71200.44,[0.1383451],0.021664476,Trade open
449,71505.94,[0.14038669],0.018310186,Trade open
450,71271.17,[0.13636312],0.012635128,Trade open
451,70873.98,[0.13345283],-0.008599486,Trade open
452,69387.77,[0.11206043],0.0033484863,Trade open
453,70224.01,[0.12409645],-0.0009847438,Trade open
454,69920.73,[0.12119301],0.000798444,Trade open
455,70045.53,[0.11919927],-0.0057671475,Trade open
456,69586.01,[0.11250455],-0.0075688646,Trade open
457,69459.91,[0.10837425],-0.011973088,Trade open
458,69151.66,[0.10612763],-0.013368495,Trade open
459,69053.99,[0.1061121],-0.010310788,Trade open
460,69268.0,[0.11118049],-0.008296874,Trade open
461,69408.95,[0.11467637],-0.010582927,Trade closed
462,69248.95,[0.12011392],0.0,Trade initiated
463,69248.95,[0.11328007],-0.0041653384,Trade open
464,68960.51,[0.10922074],0.00021717386,Trade open
465,69263.99,[0.11484357],0.00036180601,Trade open
466,69274.01,[0.1185999],0.0027589542,Trade open
467,69440.01,[0.12199064],0.0044916067,Trade open
468,69559.99,[0.12837194],0.0035676307,Trade open
469,69496.01,[0.12766863],0.0054737967,Trade open
470,69628.01,[0.13173895],0.006022316,Trade open
471,69665.99,[0.13067918],0.004730893,Trade open
472,69576.56,[0.12992783],0.0060527767,Trade open
473,69668.1,[0.13079731],0.009343891,Trade open
474,69896.01,[0.13134599],0.0059641018,Trade open
475,69661.96,[0.12953474],0.0061684144,Trade open
476,69676.11,[0.1297338],0.0050692325,Trade open
477,69599.99,[0.13087857],0.004145144,Trade open
478,69536.0,[0.1282397],0.004607245,Trade open
479,69568.0,[0.12536779],0.0047532306,Trade open
480,69578.11,[0.12785771],0.0066578174,Trade open
481,69710.0,[0.1309515],0.0056470847,Trade open
482,69640.01,[0.12944601],0.0071612094,Trade closed
483,69744.86,[0.12793045],0.0,Trade initiated
484,69744.86,[0.13105461],-0.0007580084,Trade open
485,69691.99,[0.12958993],0.0009899923,Trade open
486,69813.91,[0.12966321],-0.0014625854,Trade open
487,69642.85,[0.12840481],-0.0016331848,Trade open
488,69630.95,[0.1286858],-0.001401425,Trade open
489,69647.12,[0.1259352],-0.0026668631,Trade open
490,69558.86,[0.12062525],-0.004472104,Trade open
491,69432.95,[0.10950947],-0.0017381434,Trade open
492,69623.63,[0.12452942],-0.0016468507,Trade open
493,69630.0,[0.12978543],-0.0019622862,Trade open
494,69608.0,[0.12841356],-0.0030903935,Trade open
495,69529.32,[0.12297779],-0.004097972,Trade open
496,69459.05,[0.11211846],-0.00093006407,Trade open
497,69679.99,[0.12849867],-0.005432188,Trade open
498,69365.99,[0.11489146],-0.008512052,Trade open
499,69151.19,[0.10060436],-0.0069020544,Trade open
500,69263.48,[0.1033546],-0.0056901597,Trade open
501,69348.0,[0.11480141],-0.0050424864,Trade open
502,69393.17,[0.12197451],-0.0039121388,Trade open
503,69472.01,[0.12624925],-0.0022493817,Trade closed
504,69587.98,[0.12670033],0.0,Trade initiated
505,69587.98,[0.13121966],-0.0019756914,Trade open
506,69450.49,[0.12951078],-0.002672651,Trade open
507,69401.99,[0.1252961],-0.0043394933,Trade open
508,69286.0,[0.11623035],-0.002371773,Trade open
509,69422.93,[0.12665908],-0.0018974408,Trade open
510,69455.94,[0.12926461],-0.0011205465,Trade open
511,69510.0,[0.1311222],-0.0009771803,Trade open
512,69519.98,[0.13106856],-0.00068943755,Trade open
513,69540.0,[0.13111386],-0.0017528397,Trade open
514,69466.0,[0.12980077],-0.0020977268,Trade open
515,69442.0,[0.12909567],-0.0016666178,Trade open
516,69472.0,[0.12619959],-0.0022126893,Trade open
517,69434.0,[0.12419915],-0.0059488546,Trade open
518,69174.01,[0.10122049],-0.0030642417,Trade open
519,69374.74,[0.11207379],-0.004089473,Trade open
520,69303.4,[0.11090512],-0.0061536315,Trade open
521,69159.76,[0.10619912],-0.0067439363,Trade open
522,69118.68,[0.10343007],-0.008303788,Trade open
523,69010.13,[0.10216621],-0.019485677,Trade open
524,68232.01,[0.09799504],-0.01973143,Trade closed
525,68214.91,[0.09471286],0.0,Trade initiated
526,68214.91,[0.09896787],0.00083696883,Trade open
527,68272.0,[0.09580067],0.002418597,Trade open
528,68379.89,[0.0989452],0.004895718,Trade open
529,68548.87,[0.10660566],0.0055281403,Trade open
530,68592.01,[0.1114503],0.003957163,Trade open
531,68484.84,[0.10848932],0.0031824973,Trade open
532,68432.0,[0.10735378],0.0038709235,Trade open
533,68478.96,[0.10971183],0.0052054008,Trade open
534,68569.99,[0.11819991],0.0035050074,Trade open
535,68454.0,[0.11346137],0.0026755973,Trade open
536,68397.42,[0.108479],0.0028134887,Trade open
537,68406.83,[0.10736856],0.0038862703,Trade open
538,68480.01,[0.12094067],0.002742825,Trade open
539,68402.01,[0.11590546],0.00040348127,Trade open
540,68242.43,[0.10343586],0.005117444,Trade open
541,68563.99,[0.12657064],0.0033289783,Trade open
542,68441.99,[0.12520766],0.0041207084,Trade open
543,68496.0,[0.1259382],0.0021102885,Trade open
544,68358.86,[0.1150931],0.0040511903,Trade open
545,68491.26,[0.12245131],0.0039748,Trade closed
546,68486.05,[0.123597],0.0,Trade initiated
547,68486.05,[0.12791753],-0.0016122125,Trade open
548,68375.63,[0.11446392],-0.0063942084,Trade open
549,68048.13,[0.10123054],-0.011331574,Trade open
550,67709.99,[0.0994423],-0.010353158,Trade open
551,67777.0,[0.09669332],-0.01257852,Trade open
552,67624.59,[0.09509595],-0.0057697655,Trade open
553,68090.9,[0.11861558],-0.0010400157,Trade open
554,68414.82,[0.13106531],-0.004877476,Trade open
555,68152.01,[0.12694044],-0.0017309639,Trade open
556,68367.5,[0.1302559],-0.0018408175,Trade open
557,68359.98,[0.13030618],-0.002658046,Trade open
558,68304.01,[0.12966342],-0.006834193,Trade open
559,68018.0,[0.11438181],-0.0004350795,Trade open
560,68456.25,[0.13076364],0.002817408,Trade open
561,68679.0,[0.13272442],0.0020179749,Trade open
562,68624.25,[0.13126412],0.007067475,Trade open
563,68970.07,[0.13309425],0.012205839,Trade open
564,69321.98,[0.13964331],0.009626847,Trade open
565,69145.35,[0.13733453],0.008708206,Trade open
566,69082.44,[0.13416657],0.005752426,Trade closed
567,68880.01,[0.12843084],0.0,Trade initiated
568,68880.01,[0.13077614],-0.0011615534,Trade open
569,68800.0,[0.12891926],-0.0015100989,Trade open
570,68775.99,[0.1288155],-0.0050937766,Trade open
571,68529.15,[0.1233204],-0.0024391375,Trade open
572,68712.0,[0.12224871],-0.00072590006,Trade open
573,68830.01,[0.13004972],0.0013066201,Trade open
574,68970.01,[0.13110828],0.004256723,Trade open
575,69173.21,[0.1333797],0.006178203,Trade open
576,69305.56,[0.13400604],0.004161789,Trade open
577,69166.67,[0.13167296],0.002436869,Trade open
578,69047.86,[0.1296148],0.006769358,Trade open
579,69346.28,[0.1322706],0.0039242837,Trade open
580,69150.31,[0.12908088],0.0013645786,Trade open
581,68974.0,[0.12858239],-0.00087108003,Trade open
582,68820.01,[0.12521003],0.0031413324,Trade open
583,69096.38,[0.13133319],0.0035739234,Trade open
584,69126.18,[0.13179663],0.000667828,Trade open
585,68926.01,[0.12916437],-0.0038038297,Trade open
586,68618.0,[0.11120788],-0.0034843201,Trade open
587,68640.01,[0.11049766],-0.002613467,Trade closed
588,68699.99,[0.11765136],0.0,Trade initiated
589,68699.99,[0.11106958],0.0007280296,Trade open
590,68750.01,[0.12302341],-0.0008611946,Trade open
591,68640.83,[0.1168952],0.00089258107,Trade open
592,68761.31,[0.12521443],0.0019513057,Trade open
593,68834.05,[0.12773752],0.0011353713,Trade open
594,68777.99,[0.12828223],0.0013496181,Trade open
595,68792.71,[0.12844755],0.0034063414,Trade open
596,68934.01,[0.13022967],0.0040496504,Trade open
597,68978.2,[0.13040489],0.0056477445,Trade open
598,69087.99,[0.13432895],-0.00054732995,Trade open
599,68662.39,[0.12787627],-0.0007811364,Trade open
600,68646.33,[0.1180599],-0.0044539217,Trade open
601,68394.01,[0.10452291],-0.0033477761,Trade open
602,68470.0,[0.10888708],-0.0007857988,Trade open
603,68646.01,[0.1235563],-0.006084198,Trade open
604,68282.01,[0.1125931],-0.01374079,Trade open
605,67756.0,[0.10029139],-0.013129436,Trade open
606,67798.0,[0.09885071],-0.012663643,Trade open
607,67830.0,[0.10041139],-0.01333288,Trade open
608,67784.02,[0.10249905],-0.015257348,Trade closed
609,67651.81,[0.10610747],0.0,Trade initiated
610,67651.81,[0.10094783],0.0048196004,Trade open
611,67977.87,[0.11690262],0.0030182118,Trade open
612,67856.0,[0.11425969],0.00020971353,Trade open
613,67666.0,[0.1072218],-0.004490826,Trade open
614,67348.0,[0.10019879],-0.0023622797,Trade open
615,67492.0,[0.10305437],-0.007852593,Trade open
616,67120.57,[0.09698008],0.00077106676,Trade open
617,67703.98,[0.12063111],0.0039643478,Trade open
618,67920.01,[0.12962224],0.0013927011,Trade open
619,67746.03,[0.1272289],0.002929638,Trade open
620,67850.01,[0.12856649],0.0051467577,Trade open
621,68000.0,[0.13260208],0.005590205,Trade open
622,68030.0,[0.13137478],-0.00023373358,Trade open
623,67636.0,[0.12355521],0.0051070326,Trade open
624,67997.31,[0.12789981],0.0052650105,Trade open
625,68008.0,[0.12788016],0.003384402,Trade open
626,67880.77,[0.1264829],0.0070312927,Trade open
627,68127.49,[0.13024639],0.00873868,Trade open
628,68243.0,[0.13184707],0.010911454,Trade open
629,68389.99,[0.13251267],0.009921321,Trade closed
630,68323.01,[0.1254106],0.0,Trade initiated
631,68323.01,[0.13280213],0.0010844626,Trade open
632,68397.1,[0.13241406],0.0061252015,Trade open
633,68741.5,[0.13871366],0.0041672457,Trade open
634,68607.73,[0.1353084],0.0066872146,Trade open
635,68779.9,[0.13592093],0.003819975,Trade open
636,68584.0,[0.12996769],0.008357132,Trade open
637,68893.99,[0.13497722],0.0073843854,Trade open
638,68827.53,[0.13414335],0.010464996,Trade open
639,69038.01,[0.13601458],0.0073619736,Trade open
640,68826.0,[0.13204327],0.0066373595,Trade open
641,68776.49,[0.12754823],0.00722876,Trade open
642,68816.9,[0.1303829],0.0064587505,Trade open
643,68764.29,[0.12864633],0.0074199475,Trade open
644,68829.96,[0.12867181],0.0071282494,Trade open
645,68810.03,[0.1274266],0.0056378567,Trade open
646,68708.2,[0.12935542],0.007934164,Trade open
647,68865.09,[0.12950659],0.0060153143,Trade open
648,68733.99,[0.12815659],0.0072741555,Trade open
649,68820.0,[0.12869346],0.014787639,Trade open
650,69333.34,[0.1413462],0.02401815,Trade closed
651,69964.0,[0.14142099],0.0,Trade initiated
652,69964.0,[0.14172429],-0.007946944,Trade open
653,69408.0,[0.13203318],-0.004631065,Trade open
654,69639.99,[0.13736197],0.00022857738,Trade open
655,69979.99,[0.13963182],0.0032584837,Trade open
656,70191.98,[0.13884547],0.0024289277,Trade open
657,70133.94,[0.13676386],-0.00020501616,Trade open
658,69949.66,[0.13470262],0.0005789808,Trade open
659,70004.51,[0.13108173],0.0038018436,Trade open
660,70229.99,[0.13329886],0.000889855,Trade open
661,70026.26,[0.13022521],-0.013835799,Trade open
662,68995.99,[0.11777437],-0.0070679206,Trade open
663,69469.5,[0.12313706],-0.0074039195,Trade open
664,69445.99,[0.12443414],-0.006474423,Trade open
665,69511.02,[0.12477828],-0.011491625,Trade open
666,69160.0,[0.11659122],-0.0105196955,Trade open
667,69228.0,[0.11497548],-0.005288434,Trade open
668,69594.0,[0.12781042],-0.0022096185,Trade open
669,69809.41,[0.13216622],-0.008461383,Trade open
670,69372.01,[0.12637784],0.0050879964,Trade open
671,70319.98,[0.13194549],0.016180309,Trade closed
672,71096.04,[0.14181854],0.0,Trade initiated
673,71096.04,[0.14344862],-0.0006758024,Trade open
674,71047.99,[0.14011338],0.00046097417,Trade open
675,71128.81,[0.13809294],0.018294467,Trade open
676,72396.7,[0.14125256],0.027863828,Trade open
677,73077.05,[0.13772337],0.04018552,Trade open
678,73953.07,[0.13219047],0.04574787,Trade open
679,74348.53,[0.12708114],0.050635513,Trade open
680,74696.02,[0.1228128],0.04451769,Trade open
681,74261.07,[0.12090344],0.046058297,Trade open
682,74370.6,[0.12179844],0.05165328,Trade open
683,74768.38,[0.12067146],0.051208463,Trade open
684,74736.76,[0.11975976],0.044398133,Trade open
685,74252.57,[0.11973348],0.043067843,Trade open
686,74157.99,[0.11992711],0.031996883,Trade open
687,73370.89,[0.12133132],0.027033195,Trade open
688,73017.99,[0.12557714],0.033194534,Trade open
689,73456.04,[0.1283038],0.037264623,Trade open
690,73745.41,[0.1279048],0.037418466,Trade open
691,73756.34,[0.12848182],0.03420681,Trade open
692,73528.01,[0.13042066],0.038454585,Trade closed
693,73830.01,[0.12858468],0.0,Trade initiated
694,73830.01,[0.1304373],0.0062278835,Trade open
695,74289.81,[0.12784223],0.0059867254,Trade open
696,74272.01,[0.12727478],0.008197886,Trade open
697,74435.26,[0.12898639],0.0046249614,Trade open
698,74171.47,[0.12707031],0.00094801816,Trade open
699,73900.0,[0.13085885],0.0021270358,Trade open
700,73987.05,[0.1318977],0.0045779785,Trade open
701,74168.0,[0.13022777],-0.0025735851,Trade open
702,73640.0,[0.12679423],0.0065003633,Trade open
703,74309.93,[0.12998576],0.0063387803,Trade open
704,74298.0,[0.12951957],0.0063930643,Trade open
705,74302.01,[0.12974371],0.006826281,Trade open
706,74333.99,[0.12975195],0.009384417,Trade open
707,74522.86,[0.13225463],0.008424759,Trade open
708,74452.01,[0.13223314],0.01515083,Trade open
709,74948.59,[0.14014927],0.018962268,Trade open
710,75229.99,[0.14497572],0.019991871,Trade open
711,75306.01,[0.14363353],0.027001746,Trade open
712,75823.55,[0.14076422],0.024596939,Trade open
713,75646.0,[0.13828619],0.030773183,Trade closed
714,76101.99,[0.14107473],0.0,Trade initiated
715,76101.99,[0.13652264],-0.004308055,Trade open
716,75774.14,[0.13289636],-0.0027856326,Trade open
717,75890.0,[0.1332126],-0.005256412,Trade open
718,75701.97,[0.13118987],-0.0060905106,Trade open
719,75638.49,[0.13071892],-0.0037561639,Trade open
720,75816.14,[0.13127638],-0.006964338,Trade open
721,75571.99,[0.13024774],-0.011766488,Trade open
722,75206.54,[0.1296417],-0.009893487,Trade open
723,75349.08,[0.131069],-0.0074372846,Trade open
724,75536.0,[0.1312038],-0.009408324,Trade open
725,75386.0,[0.12746517],-0.011606135,Trade open
726,75218.74,[0.12055478],-0.01085365,Trade open
727,75276.01,[0.12485948],-0.009769989,Trade open
728,75358.48,[0.12848616],-0.013849629,Trade open
729,75048.01,[0.121129],-0.016556626,Trade open
730,74842.0,[0.11542226],-0.018326044,Trade open
731,74707.34,[0.11244106],-0.016162418,Trade open
732,74872.0,[0.11749974],-0.017693361,Trade open
733,74755.49,[0.11705467],-0.018189816,Trade open
734,74717.71,[0.11047881],-0.017525412,Trade closed
735,74768.27,[0.12357609],0.0,Trade initiated
736,74768.27,[0.1170916],0.00010710175,Trade open
737,74776.28,[0.12138595],-0.00014304614,Trade open
738,74757.58,[0.12313015],0.003316915,Trade open
739,75016.27,[0.1298574],0.005105462,Trade open
740,75150.0,[0.13251892],0.004303087,Trade open
741,75090.01,[0.13179989],0.0019859276,Trade open
742,74916.76,[0.1286341],0.0012486496,Trade open
743,74861.63,[0.12700924],0.0035165944,Trade open
744,75031.2,[0.1303383],0.00096663245,Trade open
745,74840.55,[0.12843448],-0.0002978996,Trade open
746,74746.0,[0.11943249],0.0025503798,Trade open
747,74958.96,[0.12859039],0.0029906987,Trade open
748,74991.88,[0.13099553],0.0005849323,Trade open
749,74812.01,[0.12642728],-0.001280519,Trade open
750,74672.53,[0.11098269],0.0012735181,Trade open
751,74863.49,[0.122975],0.00071857433,Trade open
752,74822.0,[0.12254075],0.008449022,Trade open
753,75399.99,[0.13737392],0.017272219,Trade open
754,76059.69,[0.14495572],0.011510146,Trade open
755,75628.87,[0.13768058],0.015056102,Trade closed
756,75893.99,[0.1400204],0.0,Trade initiated
757,75893.99,[0.13730527],0.0045064916,Trade open
758,76236.01,[0.13886127],0.0047948253,Trade open
759,76257.89,[0.13839498],0.006509079,Trade open
760,76387.99,[0.13368067],0.00935536,Trade open
761,76604.01,[0.13522623],0.0049902047,Trade open
762,76272.72,[0.13233976],0.00838536,Trade open
763,76530.39,[0.13350877],0.0070145126,Trade open
764,76426.35,[0.132606],0.0070820414,Trade open
765,76431.48,[0.13171393],0.0057187085,Trade open
766,76328.01,[0.13105126],-0.00023058479,Trade open
767,75876.49,[0.12770216],-0.0034615512,Trade open
768,75631.28,[0.1165946],-0.00028977508,Trade open
769,75872.0,[0.12269843],-0.00056441803,Trade open
770,75851.16,[0.12467206],-0.00047568406,Trade open
771,75857.89,[0.12681285],0.0044009783,Trade open
772,76228.0,[0.13168876],0.0014659633,Trade open
773,76005.25,[0.12894681],0.0043481705,Trade open
774,76223.99,[0.13085666],0.0011847323,Trade open
775,75983.91,[0.12919202],-0.0023990083,Trade open
776,75711.92,[0.1193342],-0.0024093022,Trade closed
777,75711.14,[0.12601146],0.0,Trade initiated
778,75711.14,[0.11931913],0.00051336153,Trade open
779,75750.01,[0.12062581],0.0023728139,Trade open
780,75890.79,[0.12536918],0.0032077099,Trade open
781,75954.0,[0.13069026],0.0015981796,Trade open
782,75832.14,[0.12840624],0.0036830981,Trade open
783,75989.99,[0.13050728],0.0034893106,Trade open
784,75975.32,[0.13087669],0.0026792828,Trade open
785,75913.99,[0.13035564],0.0021774785,Trade open
786,75876.0,[0.12786575],0.0037836034,Trade open
787,75997.6,[0.12663357],0.0057765814,Trade open
788,76148.49,[0.13265687],0.0024160496,Trade open
789,75894.06,[0.12892194],0.0012000793,Trade open
790,75802.0,[0.1239566],0.0038153855,Trade open
791,76000.01,[0.13152903],0.0031243337,Trade open
792,75947.69,[0.13046615],0.0039868844,Trade open
793,76012.99,[0.13020103],0.006852835,Trade open
794,76229.98,[0.13537048],0.0056644157,Trade open
795,76140.0,[0.13287552],0.0029496362,Trade open
796,75934.46,[0.13022456],0.0037359304,Trade open
797,75993.99,[0.13064164],0.0047074477,Trade closed
798,76067.55,[0.1287458],0.0,Trade initiated
799,76067.55,[0.13084842],-0.0019730614,Trade open
800,75917.46,[0.1289829],0.002636945,Trade open
801,76268.13,[0.1309062],0.0009472461,Trade open
802,76139.6,[0.12855254],-0.004148246,Trade open
803,75752.0,[0.11782563],0.004360126,Trade open
804,76399.21,[0.13283059],0.004734895,Trade open
805,76427.72,[0.13335064],0.0015253712,Trade open
806,76183.58,[0.13089497],-0.0019489258,Trade open
807,75919.3,[0.12225987],-0.0016504657,Trade open
808,75942.0,[0.12128492],0.004186349,Trade open
809,76385.99,[0.13083947],0.0066053546,Trade open
810,76570.0,[0.1353063],0.009786738,Trade open
811,76812.0,[0.14015633],0.012258225,Trade open
812,77000.0,[0.14063661],0.011108959,Trade open
813,76912.58,[0.13761348],0.005422196,Trade open
814,76480.0,[0.12820497],0.0068857386,Trade open
815,76591.33,[0.12802477],0.0047386955,Trade open
816,76428.01,[0.12740421],0.0054628667,Trade open
817,76483.09,[0.12821957],0.007157598,Trade open
818,76612.01,[0.12864657],0.003964507,Trade closed
819,76369.12,[0.12956297],0.0,Trade initiated
820,76369.12,[0.12942699],0.00037830247,Trade open
821,76398.01,[0.12963255],0.0018418971,Trade open
822,76509.78,[0.12926358],0.0021066475,Trade open
823,76530.0,[0.12765759],0.0007972177,Trade open
824,76430.0,[0.12690488],-0.00048305685,Trade open
825,76332.23,[0.12455274],-0.0007740981,Trade open
826,76310.0,[0.12086307],-0.001530396,Trade open
827,76252.24,[0.11705097],0.0007052507,Trade open
828,76422.98,[0.12686288],-0.0009084169,Trade open
829,76299.74,[0.12381748],-0.0003620369,Trade open
830,76341.47,[0.12482767],-8.4192245e-05,Trade open
831,76362.69,[0.12842067],0.0001162119,Trade open
832,76377.99,[0.12810408],0.00027375267,Trade open
833,76390.02,[0.13072929],0.002394722,Trade open
834,76552.0,[0.1325971],0.0034250796,Trade open
835,76630.69,[0.13712554],0.0018447615,Trade open
836,76510.0,[0.12798189],0.00029963438,Trade open
837,76392.0,[0.12820856],0.0020945761,Trade open
838,76529.08,[0.13013704],0.0027612601,Trade open
839,76579.99,[0.12883918],0.0022374883,Trade closed
840,76539.99,[0.13083267],0.0,Trade initiated
841,76539.99,[0.12977721],2.613013e-05,Trade open
842,76541.99,[0.12744442],0.00018301299,Trade open
843,76554.0,[0.1269277],-0.00020924519,Trade open
844,76523.98,[0.12600191],-0.00094048056,Trade open
845,76468.01,[0.1275066],-0.002213814,Trade open
846,76370.55,[0.1221302],-0.0006909174,Trade open
847,76487.11,[0.1282912],-0.0017503104,Trade open
848,76406.02,[0.12271606],-0.0033932424,Trade open
849,76280.27,[0.11394225],-0.0026998753,Trade open
850,76333.34,[0.11720002],-0.0014842119,Trade open
851,76426.39,[0.12467458],-0.002591476,Trade open
852,76341.64,[0.12022199],-0.0024089734,Trade open
853,76355.61,[0.12112978],-0.0026162793,Trade open
854,76339.74,[0.120924],-0.0028755392,Trade open
855,76319.9,[0.12092626],-0.0056833033,Trade open
856,76104.99,[0.10370711],-0.005916025,Trade open
857,76087.18,[0.10266293],-0.007354509,Trade open
858,75977.08,[0.09759974],-0.003935443,Trade open
859,76238.77,[0.1202089],-0.003030993,Trade open
860,76308.0,[0.12887646],-0.002396929,Trade closed
861,76356.53,[0.12775905],0.0,Trade initiated
862,76356.53,[0.13092121],7.438378e-05,Trade open
863,76362.21,[0.1283494],-0.0019855455,Trade open
864,76204.92,[0.12601838],-0.00032270487,Trade open
865,76331.89,[0.13083899],-0.0008189378,Trade open
866,76294.0,[0.13037293],0.0011979166,Trade open
867,76448.0,[0.13087684],0.0012450842,Trade open
868,76451.6,[0.1311304],0.0013925217,Trade open
869,76462.86,[0.13108787],0.0021395313,Trade open
870,76519.9,[0.13180639],0.006033681,Trade open
871,76817.24,[0.14131467],0.0042030415,Trade open
872,76677.46,[0.13580664],0.0057555856,Trade open
873,76796.01,[0.13674375],0.006908074,Trade open
874,76884.01,[0.13994017],0.005656339,Trade open
875,76788.43,[0.13372983],0.004528509,Trade open
876,76702.31,[0.12827475],0.012146554,Trade open
877,77284.0,[0.13891089],0.008872338,Trade open
878,77033.99,[0.13413253],0.013639448,Trade open
879,77397.99,[0.13896817],0.011124519,Trade open
880,77205.96,[0.13523068],0.012201907,Trade open
881,77288.23,[0.1353853],0.036218148,Trade closed
882,79122.02,[0.14522226],0.0,Trade initiated
883,79122.02,[0.14351875],0.0067109554,Trade open
884,79653.01,[0.14299612],-0.0007313664,Trade open
885,79064.16,[0.13515468],-0.002487554,Trade open
886,78925.2,[0.13335237],-0.0027628408,Trade open
887,78903.42,[0.1327402],-0.0022968873,Trade open
888,78940.29,[0.13258581],-0.0036608803,Trade open
889,78832.37,[0.13039239],-0.0008341546,Trade open
890,79056.02,[0.13118225],0.000102097045,Trade open
891,79130.1,[0.13148786],0.002711496,Trade open
892,79336.56,[0.13252427],0.0031088255,Trade open
893,79368.0,[0.13298465],0.0021729688,Trade open
894,79293.95,[0.13246854],0.005292063,Trade open
895,79540.74,[0.13489427],0.007759869,Trade open
896,79736.0,[0.13796964],0.009124949,Trade open
897,79844.01,[0.13814352],0.0022493934,Trade open
898,79300.0,[0.1289885],0.006723495,Trade open
899,79654.0,[0.12950227],0.009579448,Trade open
900,79879.97,[0.13174354],0.0076588583,Trade open
901,79728.01,[0.1309804],0.0075658453,Trade open
902,79720.65,[0.13149188],0.004878343,Trade closed
903,79508.01,[0.1311311],0.0,Trade initiated
904,79508.01,[0.13414973],0.0010815538,Trade open
905,79594.0,[0.13467634],0.0023396818,Trade open
906,79694.03,[0.13493493],0.0025572306,Trade open
907,79711.33,[0.13514705],0.0033705332,Trade open
908,79775.99,[0.1352546],0.0034461936,Trade open
909,79782.01,[0.1353555],0.010376314,Trade open
910,80333.01,[0.14789997],0.01675293,Trade open
911,80840.0,[0.14770891],0.012955063,Trade open
912,80538.04,[0.1429704],0.009760023,Trade open
913,80284.01,[0.13251005],0.0030309446,Trade open
914,79748.99,[0.12837665],-0.0005909389,Trade open
915,79461.02,[0.12338936],-0.007018161,Trade open
916,78950.01,[0.11046177],0.00065402215,Trade open
917,79560.01,[0.11685372],0.0046028187,Trade open
918,79873.97,[0.12813592],0.016875265,Trade open
919,80849.73,[0.13432488],0.013910549,Trade open
920,80614.01,[0.13104592],0.010564777,Trade open
921,80347.99,[0.12825346],0.010841675,Trade open
922,80370.01,[0.12986515],0.015268804,Trade open
923,80722.0,[0.13067184],0.013482722,Trade closed
924,80579.99,[0.13420139],0.0,Trade initiated
925,80579.99,[0.12966289],0.0025314519,Trade open
926,80783.98,[0.13078132],0.007868055,Trade open
927,81214.0,[0.13729121],0.010474161,Trade open
928,81424.0,[0.13697761],0.010563164,Trade open
929,81431.17,[0.1363117],0.0045669875,Trade open
930,80948.0,[0.13051704],0.012810058,Trade open
931,81612.23,[0.13545011],0.007768775,Trade open
932,81206.0,[0.13107443],0.010672819,Trade open
933,81440.01,[0.13167088],0.005113029,Trade open
934,80992.0,[0.12869045],0.0018863244,Trade open
935,80731.99,[0.12830184],0.006465431,Trade open
936,81100.98,[0.1317285],0.003979741,Trade open
937,80900.68,[0.13026072],0.0025196236,Trade open
938,80783.02,[0.12883246],0.0065662623,Trade open
939,81109.1,[0.1294746],0.006155374,Trade open
940,81075.99,[0.12711237],0.008184899,Trade open
941,81239.53,[0.12860563],0.010109907,Trade open
942,81394.65,[0.129251],0.013841351,Trade open
943,81695.33,[0.13657849],0.016818497,Trade open
944,81935.23,[0.14296377],0.017426103,Trade closed
945,81984.19,[0.14326212],0.0,Trade initiated
946,81984.19,[0.14106974],0.0020086763,Trade open
947,82148.87,[0.13994269],0.001827334,Trade open
948,82134.0,[0.13816555],0.0016320792,Trade open
949,82117.99,[0.1329933],0.0022531021,Trade open
950,82168.91,[0.13298689],-0.0013440092,Trade open
951,81874.0,[0.13120368],-0.0018106578,Trade open
952,81835.74,[0.13097349],-0.0030516556,Trade open
953,81734.0,[0.1322932],0.0061074086,Trade open
954,82484.9,[0.13345508],0.021477465,Trade open
955,83745.0,[0.14919655],0.025314046,Trade open
956,84059.54,[0.14795862],0.02885341,Trade open
957,84349.71,[0.14098181],0.027027316,Trade open
958,84200.0,[0.13672212],0.028905632,Trade open
959,84353.99,[0.13446046],0.031955,Trade open
960,84603.99,[0.13185222],0.03350427,Trade open
961,84731.01,[0.13020113],0.0469335,Trade open
962,85831.99,[0.12793662],0.049449418,Trade open
963,86038.26,[0.12582278],0.050229482,Trade open
964,86102.21,[0.12428205],0.059164517,Trade open
965,86834.74,[0.12293927],0.06023675,Trade closed
966,86922.65,[0.12761955],0.0,Trade initiated
967,86922.65,[0.12201672],0.015185556,Trade open
968,88242.62,[0.1198805],0.011244013,Trade open
969,87900.01,[0.1187108],-0.0011383145,Trade open
970,86823.7,[0.12102636],0.0121560125,Trade open
971,87979.28,[0.12228516],0.022828845,Trade open
972,88906.99,[0.12104043],0.019849185,Trade open
973,88647.99,[0.1190663],0.011842246,Trade open
974,87952.01,[0.1171734],0.023652315,Trade open
975,88978.57,[0.11983779],0.020279884,Trade open
976,88685.43,[0.12072179],0.018635642,Trade open
977,88542.51,[0.11949395],0.015109429,Trade open
978,88236.0,[0.11842079],0.008880111,Trade open
979,87694.53,[0.11991528],0.008367892,Trade open
980,87650.01,[0.12336235],0.012940384,Trade open
981,88047.46,[0.12614246],0.019898888,Trade open
982,88652.31,[0.12530327],0.01734786,Trade open
983,88430.57,[0.12327791],0.017856842,Trade open
984,88474.81,[0.12684569],0.016748369,Trade open
985,88378.46,[0.12817322],0.018515475,Trade open
986,88532.06,[0.12847456],0.030174097,Trade closed
987,89545.46,[0.13928413],0.0,Trade initiated
988,89545.46,[0.1338987],-0.002205409,Trade open
989,89347.98,[0.13361536],-0.0062773633,Trade open
990,88983.35,[0.12675802],-0.008592877,Trade open
991,88776.01,[0.12595908],-0.002964451,Trade open
992,89280.01,[0.12701978],-0.011317837,Trade open
993,88532.0,[0.12959722],-0.021380987,Trade open
994,87630.89,[0.124263],-0.023419058,Trade open
995,87448.39,[0.11213077],-0.030799475,Trade open
996,86787.51,[0.10104834],-0.023878148,Trade open
997,87407.28,[0.11197969],-0.026689393,Trade open
998,87155.55,[0.11402788],-0.027562117,Trade open
999,87077.4,[0.11514536],-0.035707597,Trade open
1000,86348.01,[0.10889699],-0.039035603,Trade open
1001,86050.0,[0.10727399],-0.035902854,Trade open
1002,86330.52,[0.11003397],-0.039459705,Trade open
1003,86012.02,[0.10985217],-0.028409626,Trade open
1004,87001.51,[0.11878552],-0.030258024,Trade open
1005,86835.99,[0.12111191],-0.032536108,Trade open
1006,86632.0,[0.11933292],-0.034121808,Trade open
1007,86490.01,[0.11620516],-0.02808795,Trade closed
1008,87030.31,[0.12559567],0.0,Trade initiated
1009,87030.31,[0.12724221],0.005052029,Trade open
1010,87469.99,[0.13015273],-0.00073815876,Trade open
1011,86966.07,[0.12896836],0.015278531,Trade open
1012,88360.01,[0.13438506],0.020292858,Trade open
1013,88796.41,[0.13643838],0.027779922,Trade open
1014,89448.01,[0.13981539],0.019234318,Trade open
1015,88704.28,[0.13405192],0.02795057,Trade open
1016,89462.86,[0.13429768],0.028068256,Trade open
1017,89473.1,[0.13513938],0.021322222,Trade open
1018,88885.99,[0.13146092],0.013903292,Trade open
1019,88240.32,[0.13016908],0.011647432,Trade open
1020,88043.99,[0.12620685],0.01794418,Trade open
1021,88592.0,[0.13131064],0.010801014,Trade open
1022,87970.33,[0.12604073],0.0105905095,Trade open
1023,87952.01,[0.12493711],0.013508943,Trade open
1024,88206.0,[0.1264333],0.011601562,Trade open
1025,88040.0,[0.12538111],0.010682072,Trade open
1026,87959.98,[0.12469752],0.014055088,Trade open
1027,88253.53,[0.12678434],0.00558076,Trade open
1028,87516.01,[0.11482382],0.009625238,Trade closed
1029,87868.0,[0.12157612],0.0,Trade initiated
1030,87868.0,[0.11631233],-0.0061911936,Trade open
1031,87323.99,[0.11774953],-0.008330678,Trade open
1032,87136.0,[0.1100588],-0.00829369,Trade open
1033,87139.25,[0.11469494],-0.007920884,Trade open
1034,87172.01,[0.10796016],-0.0062444517,Trade open
1035,87319.31,[0.11525891],-0.015045384,Trade open
1036,86545.99,[0.10616839],-0.015963221,Trade open
1037,86465.34,[0.10594246],-0.015568808,Trade open
1038,86500.0,[0.10713223],-0.008367131,Trade open
1039,87132.8,[0.12600924],-0.005826922,Trade open
1040,87356.0,[0.12825404],-0.003687438,Trade open
1041,87543.99,[0.13131931],-0.0072759176,Trade open
1042,87228.68,[0.13082038],-0.0039378135,Trade open
1043,87521.99,[0.13154954],-0.005325904,Trade open
1044,87400.02,[0.13076565],-0.006145582,Trade open
1045,87328.0,[0.13054861],-0.0037835517,Trade open
1046,87535.55,[0.13184589],-0.0027085193,Trade open
1047,87630.01,[0.12789801],-0.0022603152,Trade open
1048,87669.39,[0.12712902],-0.0015477762,Trade open
1049,87732.0,[0.1275819],-0.002743195,Trade closed
1050,87626.96,[0.12878475],0.0,Trade initiated
1051,87626.96,[0.12697063],0.0072147995,Trade open
1052,88259.17,[0.13625121],0.017403854,Trade open
1053,89152.01,[0.14267461],0.024684986,Trade open
1054,89790.03,[0.14500144],0.044290468,Trade open
1055,91508.0,[0.14366344],0.047355752,Trade open
1056,91776.6,[0.13616508],0.056067754,Trade open
1057,92540.01,[0.13026452],0.05999304,Trade open
1058,92883.97,[0.12547117],0.052826654,Trade open
1059,92256.0,[0.12694679],0.05230402,Trade open
1060,92210.2,[0.12497384],0.05240289,Trade open
1061,92218.87,[0.12502939],0.057167318,Trade open
1062,92636.36,[0.1238738],0.059308678,Trade open
1063,92824.0,[0.12311071],0.04034726,Trade open
1064,91162.47,[0.11946744],0.029289465,Trade open
1065,90193.51,[0.12179429],0.033426233,Trade open
1066,90556.0,[0.12659878],0.023566162,Trade open
1067,89691.99,[0.12249433],0.013224116,Trade open
1068,88785.75,[0.10770878],0.010417028,Trade open
1069,88539.77,[0.10744277],0.022005927,Trade open
1070,89555.27,[0.11851095],0.023830066,Trade closed
1071,89715.12,[0.12914282],0.0,Trade initiated
1072,89715.12,[0.12422922],0.005476014,Trade open
1073,90206.4,[0.12772672],0.007357578,Trade open
1074,90375.2,[0.13069049],0.003576599,Trade open
1075,90035.99,[0.12824014],0.0043450035,Trade open
1076,90104.93,[0.12787984],-0.00016850213,Trade open
1077,89700.0,[0.12688898],0.007321961,Trade open
1078,90372.01,[0.12757169],0.0025958905,Trade open
1079,89948.01,[0.1286162],0.004334728,Trade open
1080,90104.01,[0.12821512],0.0020766254,Trade open
1081,89901.42,[0.12699717],0.0024734545,Trade open
1082,89937.02,[0.12699044],-0.00043645097,Trade open
1083,89675.96,[0.12443585],0.0045574815,Trade open
1084,90123.99,[0.12331649],0.0016355591,Trade open
1085,89861.85,[0.12302459],0.0026985593,Trade open
1086,89957.22,[0.12188504],0.003063952,Trade open
1087,89990.0,[0.12859955],-0.0046193963,Trade open
1088,89300.69,[0.10578392],0.0005891043,Trade open
1089,89767.97,[0.11084265],0.011751695,Trade open
1090,90769.42,[0.13357732],0.015623238,Trade open
1091,91116.76,[0.13954729],0.009398239,Trade closed
1092,90558.28,[0.12821268],0.0,Trade initiated
1093,90558.28,[0.13251878],0.001078984,Trade open
1094,90655.99,[0.13171642],0.0038729375,Trade open
1095,90909.01,[0.13260473],0.0060261604,Trade open
1096,91104.0,[0.13307993],0.006015118,Trade open
1097,91103.0,[0.13108677],0.007152593,Trade open
1098,91206.01,[0.13308279],0.010309141,Trade open
1099,91491.86,[0.13344544],0.0077807284,Trade open
1100,91262.89,[0.13136797],0.007562982,Trade open
1101,91243.17,[0.13204226],0.0040732576,Trade open
1102,90927.15,[0.12949115],0.002165905,Trade open
1103,90754.42,[0.1299712],0.008008396,Trade open
1104,91283.51,[0.13445042],-0.020299083,Trade open
1105,88720.03,[0.09681243],-0.015368815,Trade open
1106,89166.51,[0.09925483],-0.02882441,Trade open
1107,87947.99,[0.09956783],-0.02574585,Trade open
1108,88226.78,[0.10211807],-0.015017608,Trade open
1109,89198.31,[0.12149196],-0.021639984,Trade open
1110,88598.6,[0.11960553],-0.014564429,Trade open
1111,89239.35,[0.12631367],-0.013346981,Trade open
1112,89349.6,[0.12584597],-0.015975727,Trade closed
1113,89111.55,[0.12497987],0.0,Trade initiated
1114,89111.55,[0.12492671],0.0046461257,Trade open
1115,89525.57,[0.12830952],0.0039551025,Trade open
1116,89463.99,[0.1292321],-0.0076659536,Trade open
1117,88428.42,[0.11712133],-0.016820386,Trade open
1118,87612.66,[0.1095225],-0.011467194,Trade open
1119,88089.69,[0.11319028],-0.009923833,Trade open
1120,88227.22,[0.11865565],-0.01527913,Trade open
1121,87750.0,[0.11478249],-0.01651345,Trade open
1122,87640.01,[0.11286344],-0.018711362,Trade open
1123,87444.15,[0.11152996],-0.02004177,Trade open
1124,87325.59,[0.11083601],-0.010230769,Trade open
1125,88199.87,[0.12475295],-0.013929434,Trade open
1126,87870.27,[0.12292588],-0.016608046,Trade open
1127,87631.58,[0.12263161],-0.011362778,Trade open
1128,88098.99,[0.12627587],-0.012247729,Trade open
1129,88020.13,[0.12624034],-0.0083881,Trade open
1130,88364.07,[0.12874891],-0.009828447,Trade open
1131,88235.72,[0.1283244],-0.010024918,Trade open
1132,88218.21,[0.12919329],-0.01462826,Trade open
1133,87808.0,[0.12395626],-0.018594408,Trade closed
1134,87454.57,[0.11898845],0.0,Trade initiated
1135,87454.57,[0.11358255],0.0034924382,Trade open
1136,87760.0,[0.11966904],0.003080796,Trade open
1137,87724.0,[0.12239304],0.0057545057,Trade open
1138,87957.83,[0.12676068],0.008325484,Trade open
1139,88182.67,[0.12706554],0.00905086,Trade open
1140,88246.11,[0.12970383],0.001800131,Trade open
1141,87612.0,[0.1216936],0.0017964684,Trade open
1142,87611.68,[0.1151133],0.0071853376,Trade open
1143,88082.96,[0.12876853],0.019821005,Trade open
1144,89188.01,[0.13609332],0.019912302,Trade open
1145,89195.99,[0.13713194],0.021775503,Trade open
1146,89358.94,[0.136905],0.021725297,Trade open
1147,89354.55,[0.13459471],0.021299183,Trade open
1148,89317.28,[0.13201684],0.026147058,Trade open
1149,89741.25,[0.1347598],0.032355282,Trade open
1150,90284.19,[0.13972887],0.026291061,Trade open
1151,89753.84,[0.1332624],0.024530325,Trade open
1152,89599.86,[0.1301401],0.030798044,Trade open
1153,90148.0,[0.13364568],0.021383692,Trade open
1154,89324.67,[0.12447728],0.018905887,Trade closed
1155,89107.98,[0.12952551],0.0,Trade initiated
1156,89107.98,[0.1266431],-0.009792544,Trade open
1157,88235.38,[0.11285281],-0.007435589,Trade open
1158,88445.41,[0.11500534],0.005891904,Trade open
1159,89632.99,[0.12964018],0.0030077624,Trade open
1160,89375.99,[0.12814932],0.0050744265,Trade open
1161,89560.15,[0.12814122],0.0042294194,Trade open
1162,89484.85,[0.12713215],0.0074069197,Trade open
1163,89767.99,[0.128536],0.0031424304,Trade open
1164,89387.99,[0.12769748],0.0068251994,Trade open
1165,89716.16,[0.12904954],0.014251407,Trade open
1166,90377.89,[0.13806188],0.020161547,Trade open
1167,90904.53,[0.14402452],0.026260275,Trade open
1168,91447.98,[0.14577575],0.02450468,Trade open
1169,91291.54,[0.14163549],0.028850444,Trade open
1170,91678.78,[0.13861772],0.023519745,Trade open
1171,91203.77,[0.13371512],0.023567177,Trade open
1172,91208.0,[0.13215667],0.024009582,Trade open
1173,91247.42,[0.13078354],0.021592835,Trade open
1174,91032.07,[0.13143201],0.01965128,Trade open
1175,90859.06,[0.13057001],0.021232931,Trade closed
1176,91000.0,[0.13746153],0.0,Trade initiated
1177,91000.0,[0.13127297],0.0036631182,Trade open
1178,91333.34,[0.13243154],0.0027394402,Trade open
1179,91249.29,[0.13176037],0.0068439217,Trade open
1180,91622.8,[0.13618244],0.004456473,Trade open
1181,91405.54,[0.13312967],0.003912088,Trade open
1182,91356.0,[0.1309168],0.0027695743,Trade open
1183,91252.03,[0.13140374],0.0018815247,Trade open
1184,91171.22,[0.13079089],0.0029635988,Trade open
1185,91269.69,[0.1306759],0.006102507,Trade open
1186,91555.33,[0.13591377],0.0038499313,Trade open
1187,91350.34,[0.13048433],0.0040841345,Trade open
1188,91371.66,[0.12945466],0.00210989,Trade open
1189,91192.0,[0.12807372],0.003517943,Trade open
1190,91320.13,[0.12914811],0.0012915522,Trade open
1191,91117.53,[0.12683006],0.0024722698,Trade open
1192,91224.98,[0.12975472],0.004681061,Trade open
1193,91425.98,[0.12971824],0.002771978,Trade open
1194,91252.25,[0.12797906],0.002585079,Trade open
1195,91235.24,[0.12942585],0.004658568,Trade open
1196,91423.93,[0.13108762],0.0043288977,Trade closed
1197,91393.93,[0.13532181],0.0,Trade initiated
1198,91393.93,[0.13120492],-0.001903077,Trade open
1199,91220.0,[0.12731548],-0.0024535786,Trade open
1200,91169.69,[0.1229253],-0.0063750474,Trade open
1201,90811.29,[0.10314281],-0.0054619326,Trade open
1202,90894.74,[0.10720871],-0.005097354,Trade open
1203,90928.06,[0.12155285],-0.006980086,Trade open
1204,90755.99,[0.11150714],-0.0037815354,Trade open
1205,91048.32,[0.12474992],-0.0046603717,Trade open
1206,90968.0,[0.12512937],-0.011312893,Trade open
1207,90360.0,[0.10463493],-0.009549065,Trade open
1208,90521.2,[0.10635131],-0.007811822,Trade open
1209,90679.98,[0.11501204],-0.008548503,Trade open
1210,90612.65,[0.12100562],-0.0060389335,Trade open
1211,90842.01,[0.12682453],-0.005360295,Trade open
1212,90904.03,[0.12975575],-0.0022531243,Trade open
1213,91188.01,[0.13328932],-0.000994493,Trade open
1214,91303.04,[0.13317491],-0.0043040845,Trade open
1215,91000.56,[0.13072531],-0.0032134245,Trade open
1216,91100.24,[0.13238846],-0.0071205324,Trade open
1217,90743.16,[0.1267166],-0.007023682,Trade closed
1218,90752.01,[0.12921143],0.0,Trade initiated
1219,90752.01,[0.12618506],0.0031664243,Trade open
1220,91039.37,[0.12981652],0.002661012,Trade open
1221,90993.5,[0.13028713],0.0013948556,Trade open
1222,90878.59,[0.13007055],-0.004667855,Trade open
1223,90328.39,[0.10527977],-0.0022234356,Trade open
1224,90550.23,[0.10988269],-0.0018190886,Trade open
1225,90586.92,[0.11179736],0.00059192907,Trade open
1226,90805.73,[0.12656258],0.00061698013,Trade open
1227,90808.0,[0.12788029],-0.0008372749,Trade open
1228,90676.02,[0.12521517],-0.005281047,Trade open
1229,90272.74,[0.10537043],-0.011211701,Trade open
1230,89734.52,[0.09800418],-0.008021861,Trade open
1231,90024.01,[0.10587683],-0.008154262,Trade open
1232,90011.99,[0.10799755],-0.0055552316,Trade open
1233,90247.86,[0.11507507],-0.0036115765,Trade open
1234,90424.25,[0.1266022],-0.0019394371,Trade open
1235,90576.0,[0.12982252],-0.00126564,Trade open
1236,90637.15,[0.13121486],-0.003105992,Trade open
1237,90470.13,[0.13085003],-0.0021158278,Trade open
1238,90559.99,[0.13150483],-0.0011743025,Trade closed
1239,90645.44,[0.12772053],0.0,Trade initiated
1240,90645.44,[0.1301144],-0.0015078497,Trade open
1241,90508.76,[0.13117158],-0.0010440749,Trade open
1242,90550.8,[0.13092913],-0.00041309648,Trade open
1243,90607.99,[0.12983015],0.0037472583,Trade open
1244,90985.11,[0.13120013],0.0054116244,Trade open
1245,91135.98,[0.13914412],0.007168642,Trade open
1246,91295.24,[0.13963321],0.005411883,Trade open
1247,91136.0,[0.13372472],0.0045293234,Trade open
1248,91056.0,[0.12912053],0.00083196757,Trade open
1249,90720.85,[0.12990332],0.0004274898,Trade open
1250,90684.19,[0.12720893],0.0021858863,Trade open
1251,90843.58,[0.13177295],0.0048015895,Trade open
1252,91080.68,[0.12997675],0.001092426,Trade open
1253,90744.46,[0.12978081],-0.0015602516,Trade open
1254,90504.01,[0.11975615],-0.0060686315,Trade open
1255,90095.34,[0.1079098],-0.003690547,Trade open
1256,90310.91,[0.10952181],-0.003016561,Trade open
1257,90372.0,[0.11948602],-0.0042520585,Trade open
1258,90260.01,[0.11953764],-0.003443189,Trade open
1259,90333.33,[0.12047698],-0.0021900234,Trade closed
1260,90446.92,[0.1295927],0.0,Trade initiated
1261,90446.92,[0.12502381],0.00011859511,Trade open
1262,90457.65,[0.12620741],0.0014564827,Trade open
1263,90578.66,[0.1309606],-0.004440277,Trade open
1264,90045.31,[0.11203526],-0.005648859,Trade open
1265,89936.0,[0.10668994],-0.0060749548,Trade open
1266,89897.46,[0.10480022],-0.0044547883,Trade open
1267,90044.0,[0.11339596],-0.008479334,Trade open
1268,89679.99,[0.10342082],-0.008965721,Trade open
1269,89636.0,[0.10295357],-0.008932898,Trade open
1270,89638.97,[0.10207167],-0.014471972,Trade open
1271,89137.98,[0.09546131],-0.010249105,Trade open
1272,89519.92,[0.10628787],-0.009850218,Trade open
1273,89556.0,[0.11078115],-0.008656061,Trade open
1274,89664.01,[0.11522987],-0.0065334416,Trade open
1275,89855.99,[0.12359826],-0.005786284,Trade open
1276,89923.57,[0.12624803],-0.0056046336,Trade open
1277,89940.0,[0.12890363],0.001390059,Trade open
1278,90572.65,[0.13361783],0.0033240318,Trade open
1279,90747.57,[0.14022042],0.00023926326,Trade open
1280,90468.56,[0.13081546],0.00051929627,Trade closed
1281,90493.89,[0.13073082],0.0,Trade initiated
1282,90493.89,[0.1302379],-0.001438374,Trade open
1283,90363.73,[0.13211995],0.001930379,Trade open
1284,90668.58,[0.13152795],0.0005978477,Trade open
1285,90547.99,[0.12963381],-0.0005811856,Trade open
1286,90441.3,[0.13080242],0.0034859916,Trade open
1287,90809.35,[0.1294316],0.0013461717,Trade open
1288,90615.71,[0.1274757],0.005011388,Trade open
1289,90947.39,[0.13268626],0.01732662,Trade open
1290,92061.84,[0.1469812],0.011294702,Trade open
1291,91515.99,[0.13930489],0.0135479625,Trade open
1292,91719.9,[0.13919139],0.01540565,Trade open
1293,91888.01,[0.13851202],0.014550361,Trade open
1294,91810.61,[0.13447925],0.017792465,Trade open
1295,92104.0,[0.13495058],0.013445227,Trade open
1296,91710.6,[0.12879924],0.015677337,Trade open
1297,91912.59,[0.12928288],0.01409522,Trade open
1298,91769.42,[0.12714137],0.0051723104,Trade open
1299,90961.95,[0.12546195],-0.0024173765,Trade open
1300,90275.13,[0.10856938],0.0012168466,Trade open
1301,90604.01,[0.11263821],0.00025683708,Trade closed
1302,90517.13,[0.1229189],0.0,Trade initiated
1303,90517.13,[0.11680043],-0.009165737,Trade open
1304,89687.48,[0.10358],-0.011212311,Trade open
1305,89502.23,[0.10318486],-0.0015790346,Trade open
1306,90374.2,[0.12305635],-0.002310336,Trade open
1307,90308.01,[0.1262963],0.0012469152,Trade open
1308,90630.0,[0.12950847],0.0198015,Trade open
1309,92309.51,[0.1312273],0.015891243,Trade open
1310,91955.56,[0.13139433],0.00978803,Trade open
1311,91403.12,[0.12749459],0.014708196,Trade open
1312,91848.48,[0.13075182],0.011572999,Trade open
1313,91564.69,[0.1303896],0.005997397,Trade open
1314,91060.0,[0.12801339],-0.0017713325,Trade open
1315,90356.8,[0.1232442],-0.0074369553,Trade open
1316,89843.96,[0.11474961],0.0010067155,Trade open
1317,90608.26,[0.12568672],0.0132424,Trade open
1318,91715.8,[0.12941432],0.01056473,Trade open
1319,91473.42,[0.12858501],0.01253958,Trade open
1320,91652.18,[0.12844516],0.00838731,Trade open
1321,91276.33,[0.1300841],0.008287796,Trade open
1322,91267.32,[0.13093445],0.0069698477,Trade closed
1323,91148.02,[0.13063876],0.0,Trade initiated
1324,91148.02,[0.13005538],-0.009874306,Trade open
1325,90248.0,[0.11877894],-0.0075036767,Trade open
1326,90464.08,[0.12214576],-0.0062432787,Trade open
1327,90578.96,[0.12436584],-0.0011529152,Trade open
1328,91042.94,[0.13098808],-0.001854384,Trade open
1329,90979.0,[0.13155745],-0.004758914,Trade open
1330,90714.26,[0.1278315],-5.6741494e-05,Trade open
1331,91142.85,[0.13167572],0.00096520537,Trade open
1332,91236.0,[0.13207895],0.0022154895,Trade open
1333,91349.96,[0.12973782],0.003071669,Trade open
1334,91428.0,[0.13015401],0.005274045,Trade open
1335,91628.74,[0.13036531],0.0041687856,Trade open
1336,91528.0,[0.1300241],0.002215061,Trade open
1337,91349.92,[0.12732816],0.007997722,Trade open
1338,91877.0,[0.13126513],0.008469482,Trade open
1339,91920.0,[0.13246539],0.008898557,Trade open
1340,91959.11,[0.13268118],0.00750402,Trade open
1341,91832.0,[0.13147911],0.0051782182,Trade open
1342,91620.01,[0.1289954],0.005313044,Trade open
1343,91632.3,[0.13174011],0.0069444044,Trade closed
1344,91780.99,[0.13423616],0.0,Trade initiated
1345,91780.99,[0.1333003],-0.00606871,Trade open
1346,91224.0,[0.12432747],-0.00094365265,Trade open
1347,91694.38,[0.12824365],-0.00038483253,Trade open
1348,91745.67,[0.13183454],-0.00032924846,Trade open
1349,91750.77,[0.13155963],-0.0027549448,Trade open
1350,91528.14,[0.12820506],-0.0014051793,Trade open
1351,91652.02,[0.12922405],0.006744401,Trade open
1352,92400.0,[0.14210963],0.00748521,Trade open
1353,92467.99,[0.14212161],0.004307724,Trade open
1354,92176.36,[0.1366271],-0.0069590765,Trade open
1355,91142.28,[0.1175386],-0.0026257308,Trade open
1356,91540.0,[0.12328427],0.00046859172,Trade open
1357,91824.0,[0.13144211],-0.0014054347,Trade open
1358,91652.0,[0.1305618],0.006657152,Trade open
1359,92391.99,[0.1323533],0.008378811,Trade open
1360,92550.01,[0.13364875],0.00842001,Trade open
1361,92553.79,[0.13217638],0.011538507,Trade open
1362,92840.01,[0.1342891],0.01168832,Trade open
1363,92853.76,[0.13554019],0.020510612,Trade open
1364,93663.48,[0.14418934],0.020321814,Trade closed
1365,93646.15,[0.14755698],0.0,Trade initiated
1366,93646.15,[0.14458469],-0.00045008192,Trade open
1367,93604.0,[0.13757671],-0.0044666147,Trade open
1368,93227.87,[0.13255769],-0.0055490634,Trade open
1369,93126.5,[0.13117287],-0.012687638,Trade open
1370,92458.0,[0.12650311],-0.015442774,Trade open
1371,92199.99,[0.12316681],-0.015476644,Trade open
1372,92196.82,[0.12182177],-0.018402051,Trade open
1373,91922.87,[0.11598943],-0.019434445,Trade open
1374,91826.19,[0.10906398],-0.017002419,Trade open
1375,92053.94,[0.11884083],-0.01425963,Trade open
1376,92310.79,[0.12629272],-0.017119631,Trade open
1377,92042.96,[0.12417597],-0.017106533,Trade open
1378,92044.19,[0.12427477],-0.01888225,Trade open
1379,91877.9,[0.12079351],-0.017826246,Trade open
1380,91976.79,[0.12297831],-0.017980501,Trade open
1381,91962.34,[0.11936201],-0.02026937,Trade open
1382,91748.0,[0.11464997],-0.020316422,Trade open
1383,91743.59,[0.11058412],-0.017151333,Trade open
1384,92039.99,[0.12757863],-0.015977615,Trade open
1385,92149.91,[0.13150756],-0.01628404,Trade closed
1386,92121.21,[0.12370551],0.0,Trade initiated
1387,92121.21,[0.1308824],0.0033435908,Trade open
1388,92429.23,[0.13159],0.0041712197,Trade open
1389,92505.47,[0.13220544],0.0047953124,Trade open
1390,92562.96,[0.1341788],0.0027327277,Trade open
1391,92372.95,[0.13027357],0.0060507916,Trade open
1392,92678.62,[0.13237475],0.0079153525,Trade open
1393,92850.38,[0.13485347],0.009539572,Trade open
1394,93000.01,[0.13588418],0.011710539,Trade open
1395,93200.0,[0.13814472],0.012755104,Trade open
1396,93296.23,[0.13911077],0.010625098,Trade open
1397,93100.01,[0.13246499],0.013366391,Trade open
1398,93352.54,[0.1350853],0.012562677,Trade open
1399,93278.5,[0.13440187],0.011728688,Trade open
1400,93201.67,[0.1342092],0.014474815,Trade open
1401,93454.65,[0.1350424],0.016548425,Trade open
1402,93645.67,[0.13569996],0.015313978,Trade open
1403,93531.95,[0.1343923],0.023320753,Trade open
1404,94269.55,[0.14501049],0.024551043,Trade open
1405,94382.88,[0.14618951],0.025295222,Trade open
1406,94451.44,[0.14228806],0.02720541,Trade closed
1407,94627.41,[0.14117259],0.0,Trade initiated
1408,94627.41,[0.13713957],-0.00087283115,Trade open
1409,94544.81,[0.13513508],0.0011895339,Trade open
1410,94739.97,[0.13619292],-0.011242119,Trade open
1411,93563.59,[0.12607673],-0.0061230278,Trade open
1412,94048.0,[0.13045587],-0.006175206,Trade open
1413,94043.06,[0.13137032],-0.00751434,Trade open
1414,93916.34,[0.1298452],-0.007375638,Trade open
1415,93929.47,[0.12889768],-0.009969694,Trade open
1416,93684.0,[0.12218884],-0.013140105,Trade open
1417,93383.99,[0.1140012],-0.0066302805,Trade open
1418,94000.0,[0.12801133],-0.0046013524,Trade open
1419,94191.99,[0.13226025],-0.0037559315,Trade open
1420,94271.99,[0.13294224],-0.0050239805,Trade open
1421,94152.0,[0.13412389],-0.0027633049,Trade open
1422,94365.92,[0.13411425],-0.0048785913,Trade open
1423,94165.76,[0.13294847],-0.004933659,Trade open
1424,94160.55,[0.1318478],-0.0070543946,Trade open
1425,93959.87,[0.12788533],-0.003601956,Trade open
1426,94286.56,[0.1320671],0.0020344595,Trade open
1427,94819.92,[0.13696973],0.0008687031,Trade closed
1428,94709.61,[0.13819201],0.0,Trade initiated
1429,94709.61,[0.13607936],0.0020102568,Trade open
1430,94900.0,[0.13594338],-7.514747e-05,Trade open
1431,94702.49,[0.13225819],-0.005465308,Trade open
1432,94191.99,[0.12869903],-0.003225402,Trade open
1433,94404.13,[0.12870356],0.01037266,Trade open
1434,95692.0,[0.14133444],0.011493108,Trade open
1435,95798.12,[0.14442037],0.018444786,Trade open
1436,96456.51,[0.14765005],0.030035065,Trade open
1437,97554.22,[0.14400667],0.031119466,Trade open
1438,97656.92,[0.13894777],0.027646516,Trade open
1439,97328.0,[0.13506897],0.025244683,Trade open
1440,97100.52,[0.13215043],0.024225779,Trade open
1441,97004.02,[0.13112153],0.025525227,Trade open
1442,97127.09,[0.13084622],0.023254223,Trade open
1443,96912.01,[0.130107],0.022916678,Trade open
1444,96880.04,[0.1314593],0.025323542,Trade open
1445,97107.99,[0.13060197],0.02866014,Trade open
1446,97424.0,[0.13199861],0.030658271,Trade open
1447,97613.24,[0.1333404],0.029737117,Trade open
1448,97526.0,[0.1327131],0.03216559,Trade closed
1449,97756.0,[0.1415495],0.0,Trade initiated
1450,97756.0,[0.13663092],0.0027005216,Trade open
1451,98019.99,[0.14184394],0.0022401917,Trade open
1452,97974.99,[0.13799326],0.0019846128,Trade open
1453,97950.01,[0.13630441],-0.0044812625,Trade open
1454,97317.93,[0.13104217],-0.0064845765,Trade open
1455,97122.09,[0.13229577],-0.0024959305,Trade open
1456,97512.01,[0.13204466],-0.0049101845,Trade open
1457,97276.0,[0.13298905],-0.0072951084,Trade open
1458,97042.86,[0.129511],-0.016367283,Trade open
1459,96156.0,[0.10510179],-0.011088833,Trade open
1460,96672.0,[0.1076736],-0.006219647,Trade open
1461,97147.99,[0.12667523],-0.006219647,Trade open
1462,97147.99,[0.12892637],-0.0014481208,Trade open
1463,97614.44,[0.13360806],0.0029936621,Trade open
1464,98048.65,[0.1346804],0.005883191,Trade open
1465,98331.12,[0.13539654],0.005360365,Trade open
1466,98280.01,[0.1354929],0.009650383,Trade open
1467,98699.38,[0.14138135],0.00075522857,Trade open
1468,97829.83,[0.13144095],0.0082541285,Trade open
1469,98562.89,[0.1320442],0.003704696,Trade closed
1470,98118.16,[0.13191739],0.0,Trade initiated
1471,98118.16,[0.13234678],-0.0017138934,Trade open
1472,97949.99,[0.13299388],-0.0014712809,Trade open
1473,97973.8,[0.13344774],0.0007319778,Trade open
1474,98189.98,[0.13235472],0.0024240543,Trade open
1475,98356.0,[0.13129537],0.0026276514,Trade open
1476,98375.98,[0.13093321],0.0020277689,Trade open
1477,98317.12,[0.12997511],0.003183104,Trade open
1478,98430.48,[0.13247041],-0.0013309049,Trade open
1479,97987.57,[0.13100345],0.0026046403,Trade open
1480,98373.72,[0.13433795],-0.00037255784,Trade open
1481,98081.6,[0.13081975],0.0022370191,Trade open
1482,98337.65,[0.13404305],0.0050888103,Trade open
1483,98617.46,[0.1340739],0.005481672,Trade open
1484,98656.01,[0.14018057],0.007321211,Trade open
1485,98836.5,[0.13333066],0.007672908,Trade open
1486,98871.01,[0.13524954],0.006920785,Trade open
1487,98797.21,[0.13349077],0.008431639,Trade open
1488,98945.45,[0.13197796],0.006857166,Trade open
1489,98790.97,[0.13018817],0.006602371,Trade open
1490,98765.97,[0.13195497],0.00898749,Trade closed
1491,98999.99,[0.13501576],0.0,Trade initiated
1492,98999.99,[0.13425511],0.0023514049,Trade open
1493,99232.78,[0.1349894],0.0017546561,Trade open
1494,99173.7,[0.13587648],0.0014015941,Trade open
1495,99138.75,[0.13412145],-0.0018606378,Trade open
1496,98815.79,[0.13334136],-0.005364347,Trade open
1497,98468.92,[0.11867976],-0.0030100222,Trade open
1498,98702.0,[0.12564538],-0.006356061,Trade open
1499,98370.74,[0.11523893],-0.0060605276,Trade open
1500,98400.0,[0.11847467],-0.002915641,Trade open
1501,98711.34,[0.12708865],-0.0013091858,Trade open
1502,98870.38,[0.13300231],-0.002973564,Trade open
1503,98705.61,[0.12855731],-0.0038278096,Trade open
1504,98621.04,[0.1273326],-0.014178742,Trade open
1505,97596.3,[0.10235349],-0.012489427,Trade open
1506,97763.54,[0.10432778],-0.013494792,Trade open
1507,97664.01,[0.10657755],-0.017212044,Trade open
1508,97296.0,[0.10181248],-0.0071479646,Trade open
1509,98292.34,[0.12358891],-0.0033938608,Trade open
1510,98664.0,[0.13023211],-0.0049661463,Trade open
1511,98508.34,[0.12952088],-0.0013605588,Trade closed
1512,98865.3,[0.1285226],0.0,Trade initiated
1513,98865.3,[0.13439314],0.0026571034,Trade open
1514,99127.99,[0.13297914],-0.0006415769,Trade open
1515,98801.87,[0.12951127],-0.001641596,Trade open
1516,98703.0,[0.13090456],0.0024636583,Trade open
1517,99108.87,[0.13393895],0.0050189816,Trade open
1518,99361.5,[0.1323654],0.0021690656,Trade open
1519,99079.74,[0.1340433],0.0038203022,Trade open
1520,99242.99,[0.13459253],0.003021235,Trade open
1521,99163.99,[0.13366628],-6.993417e-05,Trade open
1522,98858.38,[0.13006069],0.0041209795,Trade open
1523,99272.72,[0.13278906],0.00035109324,Trade open
1524,98900.01,[0.1324038],-0.0024067627,Trade open
1525,98627.35,[0.12184038],-0.001229103,Trade open
1526,98743.78,[0.12298965],0.00027009603,Trade open
1527,98892.0,[0.1267629],-0.00034137358,Trade open
1528,98831.55,[0.12596552],-0.002330507,Trade open
1529,98634.89,[0.12275529],-0.0050030192,Trade open
1530,98370.67,[0.10955268],-0.0027845653,Trade open
1531,98590.0,[0.11602633],-0.0043792226,Trade open
1532,98432.34,[0.1133035],-0.0038613935,Trade closed
1533,98483.54,[0.12320324],0.0,Trade initiated
1534,98483.54,[0.11651245],0.0029696429,Trade open
1535,98776.0,[0.12971415],0.0018595271,Trade open
1536,98666.67,[0.13015209],0.0007422719,Trade open
1537,98556.64,[0.12603213],0.0009402745,Trade open
1538,98576.14,[0.12166496],4.823141e-05,Trade open
1539,98488.29,[0.12052999],0.0027579165,Trade open
1540,98755.15,[0.12930883],0.0014848611,Trade open
1541,98629.77,[0.12903623],0.002298449,Trade open
1542,98709.9,[0.12976363],0.0012348193,Trade open
1543,98605.15,[0.12919933],0.00078502967,Trade open
1544,98560.85,[0.12339876],-0.0009700225,Trade open
1545,98388.01,[0.11669917],-0.00032048504,Trade open
1546,98451.98,[0.11785645],-0.0005233267,Trade open
1547,98432.0,[0.11621036],-0.00034999504,Trade open
1548,98449.07,[0.12328278],-0.0013561911,Trade open
1549,98349.98,[0.11828014],-0.00076146924,Trade open
1550,98408.55,[0.11847294],-0.00016928591,Trade open
1551,98466.87,[0.12539835],-0.000543714,Trade open
1552,98429.99,[0.12585068],0.00031945377,Trade open
1553,98515.0,[0.12908867],0.0011698497,Trade closed
1554,98598.75,[0.13017808],0.0,Trade initiated
1555,98598.75,[0.12869217],0.001532965,Trade open
1556,98749.9,[0.13441773],-0.0006761939,Trade open
1557,98532.08,[0.12566172],0.0005319857,Trade open
1558,98651.2,[0.12868874],0.0014768664,Trade open
1559,98744.37,[0.1297717],0.00072254654,Trade open
1560,98669.99,[0.12644541],-0.0020157457,Trade open
1561,98400.0,[0.12724388],-0.009056197,Trade open
1562,97705.82,[0.09916984],-0.009025454,Trade open
1563,97708.85,[0.09869345],-0.00668104,Trade open
1564,97940.01,[0.10605022],-0.0070788013,Trade open
1565,97900.79,[0.10893098],-0.008330402,Trade open
1566,97777.38,[0.10780974],-0.00769541,Trade open
1567,97839.99,[0.11021432],-0.010973849,Trade open
1568,97516.74,[0.10418297],-0.0111030815,Trade open
1569,97504.0,[0.10402703],-0.0142511,Trade open
1570,97193.61,[0.09841798],-0.009079492,Trade open
1571,97703.52,[0.11560944],-0.008208934,Trade open
1572,97789.36,[0.12287907],-0.006449911,Trade open
1573,97962.8,[0.12863296],-0.008454088,Trade open
1574,97765.19,[0.12724541],-0.009804971,Trade closed
1575,97631.99,[0.12482005],0.0,Trade initiated
1576,97631.99,[0.1215177],-0.0018039681,Trade open
1577,97455.87,[0.11398865],0.0004138628,Trade open
1578,97672.4,[0.12269897],0.003666831,Trade open
1579,97989.99,[0.1319324],0.0029448115,Trade open
1580,97919.5,[0.13127732],0.005508088,Trade open
1581,98169.76,[0.1310599],0.0056375605,Trade open
1582,98182.4,[0.1294603],0.009154754,Trade open
1583,98525.79,[0.1372321],0.00777065,Trade open
1584,98390.66,[0.13302144],0.0066372487,Trade open
1585,98280.0,[0.12791952],0.0058188853,Trade open
1586,98200.1,[0.1304977],0.00491066,Trade open
1587,98111.43,[0.13263273],0.0055024866,Trade open
1588,98169.21,[0.13049431],0.0053159604,Trade open
1589,98151.0,[0.13296887],0.006477849,Trade open
1590,98264.44,[0.12835361],0.006099275,Trade open
1591,98227.48,[0.13020292],0.007456892,Trade open
1592,98360.02,[0.1352559],0.005884342,Trade open
1593,98206.49,[0.1324681],0.008184353,Trade open
1594,98431.05,[0.13484198],0.00656267,Trade open
1595,98272.72,[0.13316037],0.0044632684,Trade closed
1596,98067.75,[0.12716757],0.0,Trade initiated
1597,98067.75,[0.12143542],-0.0017512606,Trade open
1598,97896.01,[0.11033835],-0.0013386791,Trade open
1599,97936.47,[0.11118363],-0.0020938967,Trade open
1600,97862.41,[0.10962523],-0.00406758,Trade open
1601,97668.85,[0.10365431],-0.0065593207,Trade open
1602,97424.49,[0.10122738],-0.008032394,Trade open
1603,97280.03,[0.099325],-0.008824814,Trade open
1604,97202.32,[0.09875974],-0.011907664,Trade open
1605,96899.99,[0.09552709],-0.0056995037,Trade open
1606,97508.81,[0.11545574],-0.008696236,Trade open
1607,97214.93,[0.11376729],-0.014875319,Trade open
1608,96608.96,[0.09995099],-0.010582448,Trade open
1609,97029.95,[0.11161292],-0.0145181045,Trade open
1610,96643.99,[0.10588741],-0.022089241,Trade open
1611,95901.51,[0.09752144],-0.015833681,Trade open
1612,96514.98,[0.10871365],-0.016965313,Trade open
1613,96404.0,[0.11284599],-0.02250493,Trade open
1614,95860.74,[0.10352007],-0.022075778,Trade open
1615,95902.83,[0.10495652],-0.019045427,Trade open
1616,96200.01,[0.11535743],-0.015603371,Trade closed
1617,96537.56,[0.1265764],0.0,Trade initiated
1618,96537.56,[0.12637071],-0.003133819,Trade open
1619,96235.03,[0.12308323],-0.0022534137,Trade open
1620,96320.02,[0.12488483],0.0018124422,Trade open
1621,96712.53,[0.12995422],0.002992925,Trade open
1622,96826.49,[0.12934242],0.0018110664,Trade open
1623,96712.4,[0.12967956],0.004530134,Trade open
1624,96974.89,[0.12952136],0.010591085,Trade open
1625,97560.0,[0.13787948],0.015148815,Trade open
1626,97999.99,[0.13972029],0.015066108,Trade open
1627,97992.01,[0.13766798],0.014113435,Trade open
1628,97900.04,[0.13272503],0.011254039,Trade open
1629,97624.0,[0.12854],0.012189232,Trade open
1630,97714.28,[0.12911488],0.0056355977,Trade open
1631,97081.61,[0.12934585],0.0069161067,Trade open
1632,97205.23,[0.12948588],0.01094336,Trade open
1633,97594.01,[0.13204718],0.008608777,Trade open
1634,97368.63,[0.13131315],0.011276537,Trade open
1635,97626.17,[0.1299172],0.014100567,Trade open
1636,97898.8,[0.13026188],0.01235659,Trade open
1637,97730.44,[0.12749577],0.013077164,Trade closed
1638,97800.0,[0.13552704],0.0,Trade initiated
1639,97800.0,[0.13002595],0.003374313,Trade open
1640,98130.01,[0.13211018],0.0028904653,Trade open
1641,98082.69,[0.13233376],0.0046264697,Trade open
1642,98252.47,[0.1360494],0.0028922227,Trade open
1643,98082.86,[0.13065028],0.002463893,Trade open
1644,98040.97,[0.12988414],0.0025290772,Trade open
1645,98047.34,[0.13317607],0.0046096947,Trade open
1646,98250.83,[0.13236317],0.004271712,Trade open
1647,98217.77,[0.13141607],0.008734663,Trade open
1648,98654.25,[0.1405415],0.00708549,Trade open
1649,98492.96,[0.13767155],0.005526345,Trade open
1650,98340.48,[0.1311081],0.0053102635,Trade open
1651,98319.34,[0.12931438],0.0069528855,Trade open
1652,98479.99,[0.1303072],0.003968239,Trade open
1653,98188.09,[0.13248251],0.0022809624,Trade open
1654,98023.08,[0.128402],0.0010224949,Trade open
1655,97900.0,[0.12147153],-0.0016768117,Trade open
1656,97636.01,[0.10613121],-0.0033916475,Trade open
1657,97468.3,[0.10685303],-0.0056850715,Trade open
1658,97244.0,[0.10426347],-0.02468822,Trade closed
1659,95385.49,[0.09641284],0.0,Trade initiated
1660,95385.49,[0.09713256],0.0075914813,Trade open
1661,96109.61,[0.09860765],0.0064482586,Trade open
1662,96000.56,[0.10142098],0.0074487217,Trade open
1663,96095.99,[0.1060651],0.005519789,Trade open
1664,95912.0,[0.10647249],-0.0032454655,Trade open
1665,95075.92,[0.10120355],-0.001545292,Trade open
1666,95238.09,[0.10620979],0.000764906,Trade open
1667,95458.45,[0.11138222],-0.0025737667,Trade open
1668,95139.99,[0.10833793],-0.0031552885,Trade open
1669,95084.52,[0.10721342],-0.0075065466,Trade open
1670,94669.48,[0.10562862],-0.0038750651,Trade open
1671,95015.87,[0.11211302],-0.004503846,Trade open
1672,94955.89,[0.11354823],-0.0053726067,Trade open
1673,94873.02,[0.11250059],-0.017169228,Trade open
1674,93747.8,[0.10732393],-0.020982947,Trade open
1675,93384.02,[0.1090093],-0.010284583,Trade open
1676,94404.49,[0.11240141],-0.018051913,Trade open
1677,93663.6,[0.11051382],-0.024904042,Trade open
1678,93010.01,[0.1083542],-0.011966901,Trade open
1679,94244.02,[0.12314513],-0.016239285,Trade closed
1680,93836.5,[0.12205051],0.0,Trade initiated
1681,93836.5,[0.12200215],0.0052948645,Trade open
1682,94333.35,[0.12471171],0.010876881,Trade open
1683,94857.15,[0.12819202],0.007274455,Trade open
1684,94519.11,[0.12687215],0.008008361,Trade open
1685,94587.98,[0.12714677],0.0053230054,Trade open
1686,94335.99,[0.12630041],0.0066871634,Trade open
1687,94464.0,[0.12584639],0.0046951678,Trade open
1688,94277.08,[0.12479836],0.0050409324,Trade open
1689,94309.52,[0.12448647],0.0060465042,Trade open
1690,94403.88,[0.12371655],0.008647605,Trade open
1691,94647.96,[0.12692094],0.011290915,Trade open
1692,94896.0,[0.13210797],0.0070277657,Trade open
1693,94495.96,[0.12907766],0.0012991347,Trade open
1694,93958.41,[0.11193497],-0.0005412506,Trade open
1695,93785.71,[0.11000743],-0.014413285,Trade open
1696,92484.01,[0.10509172],-0.0073920963,Trade open
1697,93142.85,[0.10645928],-0.0030894827,Trade open
1698,93546.59,[0.1219807],-0.0033769675,Trade open
1699,93519.62,[0.12256899],-0.008957069,Trade open
1700,92996.0,[0.11635587],-0.016075917,Trade closed
1701,92327.99,[0.1131805],0.0,Trade initiated
1702,92327.99,[0.107628],-0.006102649,Trade open
1703,91764.55,[0.10462639],0.0003125745,Trade open
1704,92356.85,[0.11186042],-0.0011167726,Trade open
1705,92224.88,[0.11716886],-0.0017739068,Trade open
1706,92164.21,[0.11571822],0.0019389095,Trade open
1707,92507.01,[0.1216355],-0.001723729,Trade open
1708,92168.84,[0.11925161],-0.0016918285,Trade open
1709,92171.79,[0.12123576],0.010247773,Trade open
1710,93274.15,[0.12926316],0.008448226,Trade open
1711,93108.0,[0.12852864],0.005253096,Trade open
1712,92813.0,[0.1270194],0.020535568,Trade open
1713,94224.0,[0.13034348],0.018428188,Trade open
1714,94029.43,[0.13430384],0.015726712,Trade open
1715,93780.01,[0.12969196],0.013213761,Trade open
1716,93547.99,[0.12844828],0.0007365047,Trade open
1717,92395.99,[0.12315486],-0.0022528379,Trade open
1718,92119.99,[0.11837725],-0.0027731466,Trade open
1719,92071.95,[0.11759821],-0.006976233,Trade open
1720,91683.89,[0.11230364],-0.011098087,Trade open
1721,91303.33,[0.10829413],-0.01399342,Trade closed
1722,91036.01,[0.11181753],0.0,Trade initiated
1723,91036.01,[0.10607331],0.0066954102,Trade open
1724,91645.53,[0.1160239],0.0072945897,Trade open
1725,91700.08,[0.12015384],0.01388453,Trade open
1726,92300.0,[0.12731303],0.008514574,Trade open
1727,91811.14,[0.123846],0.0070945485,Trade open
1728,91681.87,[0.12418044],0.010206384,Trade open
1729,91965.16,[0.12701294],0.013000694,Trade open
1730,92219.54,[0.12970322],0.00992267,Trade open
1731,91939.33,[0.12794824],0.014785359,Trade open
1732,92382.01,[0.12921165],0.018870022,Trade open
1733,92753.86,[0.12897944],0.020807872,Trade open
1734,92930.27,[0.13173288],0.020951446,Trade open
1735,92943.34,[0.13124551],0.019376863,Trade open
1736,92800.0,[0.12750301],0.017048113,Trade open
1737,92588.0,[0.12830272],0.02178216,Trade open
1738,93018.97,[0.12874937],0.01682842,Trade open
1739,92568.0,[0.12553945],0.018487448,Trade open
1740,92719.03,[0.12821092],0.01902544,Trade open
1741,92768.01,[0.12667426],0.023814667,Trade open
1742,93204.0,[0.1317962],0.022322468,Trade closed
1743,93068.16,[0.13426721],0.0,Trade initiated
1744,93068.16,[0.13175662],0.003941416,Trade open
1745,93434.98,[0.13595098],0.0056840065,Trade open
1746,93597.16,[0.13825405],0.002816988,Trade open
1747,93330.33,[0.13095137],0.003922445,Trade open
1748,93433.21,[0.13017721],0.0025770764,Trade open
1749,93308.0,[0.12922357],0.003603206,Trade open
1750,93403.5,[0.12984386],0.0058004367,Trade open
1751,93607.99,[0.1304007],0.008092944,Trade open
1752,93821.35,[0.13520147],0.005274025,Trade open
1753,93559.0,[0.12961023],0.0032216813,Trade open
1754,93367.99,[0.12958127],-0.0022795794,Trade open
1755,92856.0,[0.11949304],0.0046399967,Trade open
1756,93499.99,[0.13029265],0.008164296,Trade open
1757,93827.99,[0.13357118],0.012849119,Trade open
1758,94264.0,[0.14001694],0.015490496,Trade open
1759,94509.83,[0.14374529],0.018967282,Trade open
1760,94833.41,[0.14483775],0.015922891,Trade open
1761,94550.07,[0.13840255],0.026731502,Trade open
1762,95556.01,[0.14367402],0.029870834,Trade open
1763,95848.18,[0.14202473],0.028162492,Trade closed
1764,95689.19,[0.14352617],0.0,Trade initiated
1765,95689.19,[0.13873135],0.0018096513,Trade open
1766,95862.35,[0.13745618],0.0058319513,Trade open
1767,96247.24,[0.13734542],0.0047410987,Trade open
1768,96142.86,[0.13523994],0.004497063,Trade open
1769,96119.51,[0.13363639],0.007585023,Trade open
1770,96414.99,[0.13430105],0.0098109795,Trade open
1771,96627.99,[0.13456859],0.015874475,Trade open
1772,97208.2,[0.13463284],0.008293126,Trade open
1773,96482.75,[0.13207802],0.005917025,Trade open
1774,96255.38,[0.1302701],0.0060474114,Trade open
1775,96267.86,[0.13168666],0.0076791593,Trade open
1776,96424.0,[0.13209157],0.0037442187,Trade open
1777,96047.47,[0.1318428],0.0024953838,Trade open
1778,95927.97,[0.13352127],0.0018175708,Trade open
1779,95863.11,[0.13159123],0.0018374105,Trade open
1780,95865.01,[0.12989405],0.009016905,Trade open
1781,96552.01,[0.13390957],0.005566035,Trade open
1782,96221.8,[0.13182001],0.0061110943,Trade open
1783,96273.95,[0.13262564],0.0063542314,Trade open
1784,96297.22,[0.13133547],0.00011079165,Trade closed
1785,95699.79,[0.12991188],0.0,Trade initiated
1786,95699.79,[0.12445001],-0.0055986443,Trade open
1787,95164.0,[0.10613016],-0.0023862056,Trade open
1788,95471.43,[0.11070218],0.00043274977,Trade open
1789,95741.2,[0.12569411],0.00044858706,Trade open
1790,95742.72,[0.1270346],-0.0008433763,Trade open
1791,95619.08,[0.12587693],-0.0026787873,Trade open
1792,95443.43,[0.1225714],-0.0036551477,Trade open
1793,95349.99,[0.11702589],-0.002306366,Trade open
1794,95479.07,[0.12487744],-0.0010097495,Trade open
1795,95603.16,[0.12790368],-0.004181125,Trade open
1796,95299.66,[0.12238185],-0.0022039951,Trade open
1797,95488.87,[0.12374077],-0.0025473542,Trade open
1798,95456.01,[0.12651159],-0.0040104254,Trade open
1799,95315.99,[0.12137837],-0.0075631207,Trade open
1800,94976.0,[0.10776731],-0.007965502,Trade open
1801,94937.49,[0.10437135],-0.0077434536,Trade open
1802,94958.74,[0.10960433],-0.008196939,Trade open
1803,94915.34,[0.10981053],-0.0025891515,Trade open
1804,95452.01,[0.1294264],-0.0035468992,Trade open
1805,95360.35,[0.12870108],-0.0022547725,Trade closed
1806,95484.01,[0.12811603],0.0,Trade initiated
1807,95484.01,[0.13159108],-0.0023535518,Trade open
1808,95259.28,[0.12941071],0.002379898,Trade open
1809,95711.25,[0.1319813],0.0004609738,Trade open
1810,95528.02,[0.12904443],-0.0011307521,Trade open
1811,95376.04,[0.12517266],-0.00031345236,Trade open
1812,95454.08,[0.13046598],-0.00499421,Trade open
1813,95007.14,[0.12498333],-0.0044238428,Trade open
1814,95061.6,[0.12601937],-0.0053622364,Trade open
1815,94972.0,[0.12118895],-0.0027651882,Trade open
1816,95219.98,[0.12652841],-0.006490043,Trade open
1817,94864.31,[0.11820189],-0.004032171,Trade open
1818,95099.0,[0.12418637],-0.0020296266,Trade open
1819,95290.21,[0.12920421],-0.0041476185,Trade open
1820,95087.98,[0.12800124],-0.0038177206,Trade open
1821,95119.48,[0.12718819],-0.0064478237,Trade open
1822,94868.34,[0.1202769],-0.006954044,Trade open
1823,94820.01,[0.11674648],-0.0041053994,Trade open
1824,95092.01,[0.12651722],-0.0040217796,Trade open
1825,95099.99,[0.12973393],-0.0015589162,Trade open
1826,95335.16,[0.1288907],0.001757166,Trade closed
1827,95651.79,[0.13130501],0.0,Trade initiated
1828,95651.79,[0.13707009],0.0025531247,Trade open
1829,95896.0,[0.14149787],-8.1676466e-05,Trade open
1830,95643.98,[0.1348777],-0.00079242507,Trade open
1831,95575.99,[0.12809688],-0.0018377205,Trade open
1832,95476.01,[0.12684703],0.0012350298,Trade open
1833,95769.92,[0.12896417],0.0028040346,Trade open
1834,95920.0,[0.13118139],0.008055995,Trade open
1835,96422.36,[0.13855332],0.011376551,Trade open
1836,96739.98,[0.14221464],0.008803171,Trade open
1837,96493.83,[0.13796721],0.009812365,Trade open
1838,96590.36,[0.13659069],0.0070617474,Trade open
1839,96327.26,[0.13048305],0.006398616,Trade open
1840,96263.83,[0.12846021],0.008452861,Trade open
1841,96460.32,[0.12965664],0.005248938,Trade open
1842,96153.86,[0.1267285],0.0062301992,Trade open
1843,96247.72,[0.12998313],0.0064232824,Trade open
1844,96266.19,[0.13006452],0.0045128698,Trade open
1845,96083.45,[0.13181205],-0.00027957853,Trade open
1846,95625.05,[0.11554974],0.0019258494,Trade open
1847,95836.0,[0.11972668],0.0034312282,Trade closed
1848,95979.99,[0.13038631],0.0,Trade initiated
1849,95979.99,[0.12501279],0.0016185828,Trade open
1850,96135.34,[0.13030685],0.0039112153,Trade open
1851,96355.39,[0.12821868],0.0059217256,Trade open
1852,96548.36,[0.131231],0.009002039,Trade open
1853,96844.01,[0.1386627],0.01037757,Trade open
1854,96976.03,[0.14017828],0.013106003,Trade open
1855,97237.91,[0.14401916],0.012846753,Trade open
1856,97213.02,[0.1407992],0.009888291,Trade open
1857,96929.07,[0.13150562],0.008847303,Trade open
1858,96829.16,[0.13086794],0.012954442,Trade open
1859,97223.36,[0.13319041],0.013196191,Trade open
1860,97246.56,[0.13314486],0.021067053,Trade open
1861,98002.01,[0.14139122],0.021941015,Trade open
1862,98085.89,[0.14386208],0.021248976,Trade open
1863,98019.47,[0.14158875],0.023110937,Trade open
1864,98198.18,[0.13972226],0.018753909,Trade open
1865,97779.99,[0.13549861],0.011043969,Trade open
1866,97039.99,[0.13030961],0.010296905,Trade open
1867,96968.29,[0.12903921],0.013200017,Trade open
1868,97246.93,[0.13124152],0.01246093,Trade closed
1869,97175.99,[0.13210298],0.0,Trade initiated
1870,97175.99,[0.13127704],-0.0008989007,Trade open
1871,97088.64,[0.12702501],0.0015820201,Trade open
1872,97329.73,[0.13161199],0.003128425,Trade open
1873,97480.0,[0.1330302],0.0013581994,Trade open
1874,97307.98,[0.12919536],0.00037078344,Trade open
1875,97212.02,[0.12874728],0.0021618316,Trade open
1876,97386.07,[0.13093947],0.001584834,Trade open
1877,97330.0,[0.1314515],0.0012008657,Trade open
1878,97292.69,[0.13243231],0.00090573425,Trade open
1879,97264.01,[0.12908658],0.002922613,Trade open
1880,97460.0,[0.13456191],0.0007428532,Trade open
1881,97248.18,[0.13203882],-0.002139723,Trade open
1882,96968.06,[0.11865251],-0.004890209,Trade open
1883,96700.78,[0.10291474],-0.007725915,Trade open
1884,96425.22,[0.10141665],-0.006368278,Trade open
1885,96557.15,[0.10510296],-0.0058325236,Trade open
1886,96609.21,[0.11126029],-0.0074951802,Trade open
1887,96447.64,[0.10838091],-0.005515444,Trade open
1888,96640.02,[0.11515111],-0.005810736,Trade open
1889,96611.33,[0.1190925],-0.005102212,Trade closed
1890,96680.18,[0.12656812],0.0,Trade initiated
1891,96680.18,[0.11962308],0.001363387,Trade open
1892,96811.99,[0.12802923],0.0043663615,Trade open
1893,97102.32,[0.1299895],0.0018884753,Trade open
1894,96862.76,[0.12743866],-0.00041914938,Trade open
1895,96639.66,[0.12686409],0.0005449669,Trade open
1896,96732.87,[0.12897432],0.0010674694,Trade open
1897,96783.38,[0.12719195],0.0028222888,Trade open
1898,96953.04,[0.12772493],0.0028269754,Trade open
1899,96953.49,[0.12765941],-0.00010626209,Trade open
1900,96669.91,[0.12950465],0.0010322372,Trade open
1901,96779.98,[0.12895073],-0.0018636673,Trade open
1902,96500.0,[0.11759584],-0.0056133857,Trade open
1903,96137.48,[0.10154147],-0.0032835389,Trade open
1904,96362.73,[0.10682055],-0.0042634127,Trade open
1905,96267.99,[0.11077844],-0.0020395047,Trade open
1906,96483.0,[0.1232494],-0.0013131247,Trade open
1907,96553.23,[0.12655237],-0.00095320726,Trade open
1908,96588.02,[0.13053064],-0.002842733,Trade open
1909,96405.34,[0.12396902],-0.00047240165,Trade open
1910,96634.51,[0.12755287],-0.0022500895,Trade closed
1911,96462.64,[0.12875213],0.0,Trade initiated
1912,96462.64,[0.12698159],0.0020407836,Trade open
1913,96659.5,[0.12912351],0.0018946778,Trade open
1914,96645.41,[0.13072826],0.0009618361,Trade open
1915,96555.42,[0.12847343],0.0042365817,Trade open
1916,96871.31,[0.13171113],0.004219979,Trade open
1917,96869.71,[0.1317388],0.0032939403,Trade open
1918,96780.38,[0.13082561],0.003994908,Trade open
1919,96848.0,[0.13210721],0.005221986,Trade open
1920,96966.37,[0.1307487],0.004659349,Trade open
1921,96912.09,[0.12874296],0.005774661,Trade open
1922,97019.68,[0.1306707],0.004885473,Trade open
1923,96933.91,[0.1283475],0.005238832,Trade open
1924,96967.99,[0.13430424],0.0036874702,Trade open
1925,96818.34,[0.13281184],0.0034146153,Trade open
1926,96792.02,[0.13054796],0.0020174584,Trade open
1927,96657.25,[0.12180947],3.5959518e-05,Trade open
1928,96466.11,[0.10249155],-0.0014683469,Trade open
1929,96321.0,[0.10158326],-0.0005665244,Trade open
1930,96407.99,[0.10688465],0.0014385426,Trade open
1931,96601.41,[0.12361788],-0.0012651433,Trade closed
1932,96340.6,[0.11925177],0.0,Trade initiated
1933,96340.6,[0.11170413],0.00094862,Trade open
1934,96431.99,[0.11264776],-0.0024287202,Trade open
1935,96106.62,[0.10641922],-0.0022924037,Trade open
1936,96119.75,[0.10784501],-0.005858203,Trade open
1937,95776.22,[0.09792516],-0.003041212,Trade open
1938,96047.61,[0.10816419],-3.99786e-05,Trade open
1939,96336.75,[0.12631029],0.00061654625,Trade open
1940,96400.0,[0.12793216],0.001815661,Trade open
1941,96515.52,[0.13172607],0.00080370775,Trade open
1942,96418.03,[0.1307154],-0.00032980318,Trade open
1943,96308.83,[0.12784308],0.0003230725,Trade open
1944,96371.73,[0.12893555],-0.00013437028,Trade open
1945,96327.66,[0.12875946],0.001194087,Trade open
1946,96455.64,[0.1283148],0.0013739502,Trade open
1947,96472.97,[0.13002059],0.006325458,Trade open
1948,96950.0,[0.14105144],0.0073427632,Trade open
1949,97048.01,[0.14091279],0.005681097,Trade open
1950,96887.92,[0.1347899],0.007157386,Trade open
1951,97030.15,[0.13275199],0.005493692,Trade open
1952,96869.87,[0.12855135],0.0048929593,Trade closed
1953,96811.99,[0.13316548],0.0,Trade initiated
1954,96811.99,[0.13395523],0.0016896473,Trade open
1955,96975.57,[0.13440298],0.0030667528,Trade open
1956,97108.89,[0.13189268],0.001436983,Trade open
1957,96951.11,[0.13154921],-0.0003873487,Trade open
1958,96774.49,[0.13251685],0.0048696995,Trade open
1959,97283.44,[0.13179839],0.002684972,Trade open
1960,97071.93,[0.13023812],0.0031773085,Trade open
1961,97119.59,[0.1303307],0.004935226,Trade open
1962,97289.78,[0.13423344],0.004044808,Trade open
1963,97203.58,[0.13152589],0.0022314514,Trade open
1964,97028.02,[0.1321523],0.0042534117,Trade open
1965,97223.77,[0.13239555],0.003883655,Trade open
1966,97187.98,[0.13105683],0.003311428,Trade open
1967,97132.58,[0.13249329],0.0050404556,Trade open
1968,97299.97,[0.13314772],0.0062477733,Trade open
1969,97416.85,[0.13957651],0.0031679475,Trade open
1970,97118.69,[0.1316353],0.002815783,Trade open
1971,97084.59,[0.13162692],0.003788109,Trade open
1972,97178.73,[0.12908964],0.00033013406,Trade open
1973,96843.95,[0.11590671],0.002974838,Trade closed
1974,97099.99,[0.12927526],0.0,Trade initiated
1975,97099.99,[0.12394809],0.001978389,Trade open
1976,97292.09,[0.13347696],0.0068756444,Trade open
1977,97767.62,[0.142446],0.0030690818,Trade open
1978,97398.0,[0.13441883],0.004763855,Trade open
1979,97562.56,[0.13213383],0.005355304,Trade open
1980,97619.99,[0.13137856],0.0008773173,Trade open
1981,97185.18,[0.12809417],0.001655188,Trade open
1982,97260.71,[0.13001396],0.003468155,Trade open
1983,97436.75,[0.12713918],0.009762971,Trade open
1984,98047.98,[0.13741413],0.008907699,Trade open
1985,97964.93,[0.13514684],0.006055774,Trade open
1986,97688.01,[0.12871331],0.005610357,Trade open
1987,97644.76,[0.12717947],0.0038743084,Trade open
1988,97476.19,[0.12678885],-0.00634647,Trade open
1989,96483.75,[0.10207298],-0.0066114194,Trade open
1990,96458.02,[0.10055485],-0.004036995,Trade open
1991,96708.0,[0.11382625],-0.0041193846,Trade open
1992,96700.0,[0.1179828],-0.00762101,Trade open
1993,96359.99,[0.10799737],-0.008829413,Trade open
1994,96242.66,[0.10636012],-0.0084449025,Trade closed
1995,96279.99,[0.11558733],0.0,Trade initiated
1996,96279.99,[0.10991088],-0.0044865077,Trade open
1997,95848.03,[0.10178079],-0.0029081847,Trade open
1998,95999.99,[0.10653494],-0.011089969,Trade open
1999,95212.25,[0.09679971],-0.012737184,Trade open
2000,95053.66,[0.0973709],-0.010054984,Trade open
2001,95311.9,[0.10249256],-0.008172129,Trade open
2002,95493.18,[0.10929939],-0.011261588,Trade open
2003,95195.73,[0.10591386],-0.0135852145,Trade open
2004,94972.01,[0.10383435],-0.010464597,Trade open
2005,95272.46,[0.11422825],-0.011957962,Trade open
2006,95128.68,[0.11262065],-0.009283795,Trade open
2007,95386.15,[0.12048116],-0.013585052,Trade open
2008,94972.02,[0.11210869],-0.0061211446,Trade open
2009,95690.65,[0.126433],-0.0062318244,Trade open
2010,95679.99,[0.12828545],-0.003964836,Trade open
2011,95898.26,[0.13122495],0.0004287625,Trade open
2012,96321.27,[0.13580425],0.0040534446,Trade open
2013,96670.26,[0.13685343],0.007976816,Trade open
2014,97048.0,[0.13861293],0.0033236397,Trade open
2015,96599.99,[0.13144551],-0.0011687917,Trade closed
2016,96167.46,[0.12925908],0.0,Trade initiated
2017,96167.46,[0.1284229],-0.008264068,Trade open
2018,95372.73,[0.12483487],-0.016257366,Trade open
2019,94604.03,[0.10669883],-0.0067802463,Trade open
2020,95515.42,[0.12242568],-0.0054209637,Trade open
2021,95646.14,[0.12677594],-0.0073248693,Trade open
2022,95463.05,[0.12475524],-0.0036546763,Trade open
2023,95816.0,[0.12793672],-0.0014683858,Trade open
2024,96026.25,[0.13176872],-0.0052076313,Trade open
2025,95666.66,[0.12774776],-0.005838448,Trade open
2026,95605.99,[0.12626208],-0.007908893,Trade open
2027,95406.88,[0.12480239],-0.009157447,Trade open
2028,95286.81,[0.12272922],-0.0082716225,Trade open
2029,95372.0,[0.12421893],-0.004815981,Trade open
2030,95704.32,[0.1299428],-0.0033986939,Trade open
2031,95840.62,[0.13108833],-0.00411213,Trade open
2032,95772.01,[0.12895185],-0.0037791335,Trade open
2033,95804.03,[0.12848113],-0.0060547865,Trade open
2034,95585.19,[0.12966393],-0.006690234,Trade open
2035,95524.08,[0.12893125],-0.0038627281,Trade open
2036,95795.99,[0.13106193],-0.0013722806,Trade closed
2037,96035.49,[0.12817185],0.0,Trade initiated
2038,96035.49,[0.12962042],-5.556214e-05,Trade open
2039,96030.16,[0.12948482],0.00045678098,Trade open
2040,96079.36,[0.13025962],0.0010883021,Trade open
2041,96140.01,[0.12947823],-0.0011959283,Trade open
2042,95920.64,[0.12818715],0.00060784817,Trade open
2043,96093.87,[0.13217011],0.001246284,Trade open
2044,96155.18,[0.13052024],0.0017129084,Trade open
2045,96199.99,[0.12970021],-0.0041992124,Trade open
2046,95632.22,[0.12261545],-0.004426993,Trade open
2047,95610.34,[0.11539091],-0.0050553414,Trade open
2048,95550.0,[0.11399525],-0.005736242,Trade open
2049,95484.61,[0.11416709],-0.0052844235,Trade open
2050,95528.0,[0.11213889],-0.008468468,Trade open
2051,95222.22,[0.1064681],-0.008116628,Trade open
2052,95256.01,[0.10787158],-0.0069080903,Trade open
2053,95372.07,[0.11359331],-0.013928119,Trade open
2054,94697.9,[0.10052813],-0.012089605,Trade open
2055,94874.46,[0.10492128],-0.0109072635,Trade open
2056,94988.01,[0.10895293],-0.012812971,Trade open
2057,94804.99,[0.10731627],-0.012723568,Trade closed
2058,94813.58,[0.11253428],0.0,Trade initiated
2059,94813.58,[0.10814023],-0.002888728,Trade open
2060,94539.69,[0.10342473],-0.011576418,Trade open
2061,93715.98,[0.09696519],-0.0073152594,Trade open
2062,94119.99,[0.10104143],0.0044473787,Trade open
2063,95235.25,[0.1288384],0.011247482,Trade open
2064,95879.99,[0.13028891],0.0091649415,Trade open
2065,95682.54,[0.12914434],0.011604516,Trade open
2066,95913.84,[0.13130352],0.0031474594,Trade open
2067,95112.0,[0.12975128],0.0031380658,Trade open
2068,95111.11,[0.13001087],0.01069912,Trade open
2069,95828.0,[0.13222006],0.0062215016,Trade open
2070,95403.46,[0.12918594],0.0070408727,Trade open
2071,95481.15,[0.13181265],0.0052029733,Trade open
2072,95306.89,[0.13020879],0.00648666,Trade open
2073,95428.6,[0.1307179],0.007406557,Trade open
2074,95515.82,[0.13214184],0.008453266,Trade open
2075,95615.06,[0.13302302],0.011785792,Trade open
2076,95931.03,[0.13066404],0.012513206,Trade open
2077,96000.0,[0.13232265],0.011305821,Trade open
2078,95885.52,[0.1328054],0.0137551995,Trade closed
2079,96117.76,[0.13394853],0.0,Trade initiated
2080,96117.76,[0.13324246],-0.0031469373,Trade open
2081,95815.28,[0.13033944],-0.002788978,Trade open
2082,95849.69,[0.1300294],-0.0016829942,Trade open
2083,95955.99,[0.13198507],-0.0038633437,Trade open
2084,95746.42,[0.13061899],-0.004231788,Trade open
2085,95711.01,[0.1280501],0.0010221023,Trade open
2086,96216.0,[0.13264917],-0.005287378,Trade open
2087,95609.55,[0.12891948],-0.0034307688,Trade open
2088,95788.0,[0.12881845],-0.0033580228,Trade open
2089,95794.99,[0.12816936],-0.0036147067,Trade open
2090,95770.32,[0.12875393],-0.0032714591,Trade open
2091,95803.31,[0.12915994],-0.0009671567,Trade open
2092,96024.8,[0.12863187],0.0031362083,Trade open
2093,96419.2,[0.139092],0.0037710092,Trade open
2094,96480.22,[0.13984239],0.005780101,Trade open
2095,96673.33,[0.1392426],0.004389635,Trade open
2096,96539.68,[0.13496755],0.0044970065,Trade open
2097,96550.0,[0.1314672],0.004900808,Trade open
2098,96588.81,[0.13179994],0.004804247,Trade open
2099,96579.53,[0.13192211],0.0059278687,Trade closed
2100,96687.53,[0.13879912],0.0,Trade initiated
2101,96687.53,[0.13210982],0.0017642205,Trade open
2102,96858.11,[0.13560249],0.0013264378,Trade open
2103,96815.78,[0.13489813],0.00012904004,Trade open
2104,96700.01,[0.13028751],-0.0018154486,Trade open
2105,96512.0,[0.13416922],-0.003215739,Trade open
2106,96376.61,[0.12879933],-0.005141563,Trade open
2107,96190.41,[0.11956254],-0.008095909,Trade open
2108,95904.76,[0.10190836],-0.0074420627,Trade open
2109,95967.98,[0.10656431],-0.010760339,Trade open
2110,95647.14,[0.10471179],-0.010570374,Trade open
2111,95665.51,[0.10671949],-0.009379199,Trade open
2112,95780.68,[0.11077284],-0.008941578,Trade open
2113,95822.99,[0.12505557],-0.006131139,Trade open
2114,96094.73,[0.12788679],-0.009770843,Trade open
2115,95742.81,[0.12282859],-0.017412001,Trade open
2116,95004.01,[0.10150662],-0.019027466,Trade open
2117,94847.81,[0.09912049],-0.01748456,Trade open
2118,94996.99,[0.10289821],-0.011800013,Trade open
2119,95546.62,[0.12466329],-0.009660388,Trade open
2120,95753.49,[0.13095933],-0.0059627485,Trade closed
2121,96111.01,[0.1271664],0.0,Trade initiated
2122,96111.01,[0.13091376],0.0057120635,Trade open
2123,96660.0,[0.13589239],0.011430874,Trade open
2124,97209.64,[0.1416408],0.019983241,Trade open
2125,98031.62,[0.14715743],0.027436618,Trade open
2126,98747.97,[0.14555077],0.024981204,Trade open
2127,98511.98,[0.14076586],0.01644038,Trade open
2128,97691.11,[0.13280581],0.02381613,Trade open
2129,98400.0,[0.13270214],0.021471022,Trade open
2130,98174.61,[0.13201723],0.029354485,Trade open
2131,98932.3,[0.1340176],0.025765128,Trade open
2132,98587.32,[0.13337235],0.025897056,Trade open
2133,98600.0,[0.13123865],0.022734128,Trade open
2134,98296.01,[0.13085443],0.023637706,Trade open
2135,98382.85,[0.13352355],0.021518167,Trade open
2136,98179.14,[0.13209732],0.03223681,Trade open
2137,99209.32,[0.1336607],0.05345048,Trade open
2138,101248.19,[0.1452628],0.06959653,Trade open
2139,102800.0,[0.13744184],0.07130288,Trade open
2140,102964.0,[0.12989016],0.068805695,Trade open
2141,102723.99,[0.12328977],0.075214624,Trade closed
2142,103339.96,[0.12483653],0.0,Trade initiated
2143,103339.96,[0.1197755],0.00046078194,Trade open
2144,103387.58,[0.11636247],-0.008611897,Trade open
2145,102450.01,[0.11807496],-0.014461522,Trade open
2146,101845.51,[0.11746698],-0.013895278,Trade open
2147,101904.02,[0.11970839],-0.0120142745,Trade open
2148,102098.41,[0.12122479],-0.010681825,Trade open
2149,102236.1,[0.12309808],-0.006287349,Trade open
2150,102690.23,[0.12438527],-0.005573458,Trade open
2151,102764.0,[0.12534146],-0.005302054,Trade open
2152,102792.05,[0.12577671],-0.0062097833,Trade open
2153,102698.24,[0.12796396],-0.0055971965,Trade open
2154,102761.55,[0.12924157],-0.010251056,Trade open
2155,102280.62,[0.12947522],-0.009173529,Trade open
2156,102391.97,[0.13089527],-0.0074806944,Trade open
2157,102566.91,[0.13208383],-0.0050101625,Trade open
2158,102822.21,[0.13042621],-0.004778524,Trade open
2159,102846.15,[0.1339488],-0.0027091256,Trade open
2160,103060.0,[0.1359669],-0.0056712087,Trade open
2161,102753.9,[0.13363066],-0.0070577883,Trade open
2162,102610.61,[0.13239959],0.0016260046,Trade closed
2163,103507.99,[0.142802],0.0,Trade initiated
2164,103507.99,[0.13937028],-0.0136241745,Trade open
2165,102097.78,[0.12813075],-0.021408824,Trade open
2166,101292.01,[0.10567037],-0.021602046,Trade open
2167,101272.01,[0.11046806],-0.023867572,Trade open
2168,101037.51,[0.10538507],-0.026123587,Trade open
2169,100803.99,[0.1079284],-0.021502038,Trade open
2170,101282.36,[0.11887614],-0.023495695,Trade open
2171,101076.0,[0.12113009],-0.03215935,Trade open
2172,100179.24,[0.10719993],-0.028394924,Trade open
2173,100568.89,[0.11220165],-0.043281607,Trade open
2174,99028.0,[0.09998358],-0.050181285,Trade open
2175,98313.83,[0.10032542],-0.042848367,Trade open
2176,99072.84,[0.10676572],-0.041451886,Trade open
2177,99217.39,[0.11452806],-0.04444071,Trade open
2178,98908.02,[0.11328761],[-0.07140096],Trade closed
2179,94115.9,[0.10991442],0.0,Trade initiated
2180,94115.9,[0.11337366],0.026277607,Trade open
2181,96589.04,[0.11580413],0.03183442,Trade open
2182,97112.02,[0.11961924],0.030066486,Trade open
2183,96945.63,[0.11988761],0.029706724,Trade open
2184,96911.77,[0.12002359],0.036509175,Trade open
2185,97551.99,[0.12202282],0.040110454,Trade open
2186,97890.93,[0.12292953],0.042527188,Trade open
2187,98118.38,[0.12347183],0.03940421,Trade open
2188,97824.46,[0.12294145],0.036910277,Trade open
2189,97589.74,[0.12298286],0.033052165,Trade open
2190,97226.63,[0.12268504],0.03845674,Trade open
2191,97735.29,[0.12404361],0.035127982,Trade open
2192,97422.0,[0.12396837],0.03996776,Trade open
2193,97877.5,[0.12657607],0.04186444,Trade open
2194,98056.01,[0.12771393],0.039824404,Trade open
2195,97864.01,[0.12705293],0.0425193,Trade open
2196,98117.64,[0.12799321],0.042118948,Trade open
2197,98079.96,[0.1281415],0.04061133,Trade open
2198,97938.07,[0.12715098],0.04274135,Trade open
2199,98138.54,[0.12949975],0.047686964,Trade closed
2200,98604.0,[0.11778837],0.0,Trade initiated
2201,98604.0,[0.13004576],-0.002622786,Trade open
2202,98345.38,[0.12852314],-0.0051294193,Trade open
2203,98098.22,[0.13037804],-0.006125512,Trade open
2204,98000.0,[0.12815477],-0.006903799,Trade open
2205,97923.26,[0.12644821],-0.0048600337,Trade open
2206,98124.78,[0.13054137],-0.0061913533,Trade open
2207,97993.51,[0.1286567],-0.0054194843,Trade open
2208,98069.62,[0.12777919],-0.005360457,Trade open
2209,98075.44,[0.1275244],-0.009814114,Trade open
2210,97636.29,[0.11840504],-0.0055575836,Trade open
2211,98056.0,[0.12555736],-0.00012177815,Trade open
2212,98591.99,[0.12877554],0.0065981257,Trade open
2213,99254.6,[0.13952309],0.008901135,Trade open
2214,99481.69,[0.13996837],0.0045376425,Trade open
2215,99051.43,[0.13199195],0.007159874,Trade open
2216,99309.99,[0.133274],0.004462769,Trade open
2217,99044.05,[0.1298516],0.0040573436,Trade open
2218,99004.07,[0.12873027],0.007513878,Trade open
2219,99344.9,[0.12885903],0.022717606,Trade open
2220,100844.05,[0.14334282],0.02966823,Trade closed
2221,101529.41,[0.14682679],0.0,Trade initiated
2222,101529.41,[0.14596996],-0.0016296079,Trade open
2223,101363.95,[0.14129624],-0.0018236712,Trade open
2224,101344.25,[0.13724321],-0.0008806716,Trade open
2225,101439.99,[0.1336465],0.002546676,Trade open
2226,101787.97,[0.13177505],-0.0016685437,Trade open
2227,101360.0,[0.13291942],-0.0043476475,Trade open
2228,101087.99,[0.13171448],-0.011399638,Trade open
2229,100372.01,[0.13039209],-0.010414701,Trade open
2230,100472.01,[0.13170892],-0.010099598,Trade open
2231,100504.0,[0.13277999],-0.02093136,Trade open
2232,99404.26,[0.11912345],-0.017616201,Trade open
2233,99740.84,[0.120193],-0.012699754,Trade open
2234,100240.01,[0.12840867],-0.012384574,Trade open
2235,100272.01,[0.1289523],-0.015693268,Trade open
2236,99936.08,[0.12594837],-0.014627228,Trade open
2237,100044.31,[0.12609608],-0.013894758,Trade open
2238,100118.68,[0.12588897],-0.015753057,Trade open
2239,99930.01,[0.12529318],-0.020346783,Trade open
2240,99463.61,[0.11359937],-0.02196185,Trade open
2241,99299.63,[0.10941792],-0.022825053,Trade closed
2242,99211.99,[0.11232885],0.0,Trade initiated
2243,99211.99,[0.10816723],0.0028482254,Trade open
2244,99494.57,[0.1173942],0.0031246222,Trade open
2245,99521.99,[0.11921509],-0.0005646054,Trade open
2246,99155.98,[0.11012019],0.0003345897,Trade open
2247,99245.19,[0.11262714],0.0012526837,Trade open
2248,99336.27,[0.11568613],0.0024878073,Trade open
2249,99458.81,[0.12038203],0.0019474555,Trade open
2250,99405.2,[0.11904255],0.0022310968,Trade open
2251,99433.34,[0.12336042],0.0020437613,Trade open
2252,99414.76,[0.12259991],0.0059534763,Trade open
2253,99802.65,[0.1321648],0.004681736,Trade open
2254,99676.48,[0.13088351],0.0038866426,Trade open
2255,99597.59,[0.13032249],0.0032002968,Trade open
2256,99529.5,[0.1291672],0.0030283164,Trade open
2257,99512.44,[0.12891741],0.004112485,Trade open
2258,99620.0,[0.1284698],0.004033267,Trade open
2259,99612.14,[0.1283269],0.0021658167,Trade open
2260,99426.87,[0.12773073],0.0020361228,Trade open
2261,99414.0,[0.12505028],0.0013910396,Trade open
2262,99350.0,[0.12235171],0.0007650915,Trade closed
2263,99287.9,[0.11621587],0.0,Trade initiated
2264,99287.9,[0.1098807],0.0017867076,Trade open
2265,99465.3,[0.13084033],0.0021566073,Trade open
2266,99502.02,[0.13114768],0.004714667,Trade open
2267,99756.01,[0.13202406],0.0028255112,Trade open
2268,99568.44,[0.12871158],0.0033605713,Trade open
2269,99621.56,[0.1296308],0.0031634646,Trade open
2270,99601.99,[0.13007924],0.00346538,Trade open
2271,99631.97,[0.12713628],0.004271354,Trade open
2272,99711.99,[0.12763608],0.008414136,Trade open
2273,100123.32,[0.14198235],0.008971071,Trade open
2274,100178.62,[0.14190151],0.007952174,Trade open
2275,100077.45,[0.13502692],0.009033547,Trade open
2276,100184.82,[0.13597463],0.010330281,Trade open
2277,100313.57,[0.13530757],0.0072682416,Trade open
2278,100009.55,[0.13067402],0.0058607184,Trade open
2279,99869.8,[0.12990922],0.005963403,Trade open
2280,99879.99,[0.13108914],0.0030941428,Trade open
2281,99595.11,[0.12232608],0.0072352723,Trade open
2282,100006.27,[0.12842676],0.0054799602,Trade open
2283,99831.99,[0.13126966],0.0057702307,Trade closed
2284,99860.81,[0.13205618],0.0,Trade initiated
2285,99860.81,[0.12953337],0.0011773418,Trade open
2286,99978.38,[0.13143046],0.0017190333,Trade open
2287,100032.48,[0.129175],-0.00012470482,Trade open
2288,99848.36,[0.1268655],0.0032150217,Trade open
2289,100181.87,[0.13392904],0.002864847,Trade open
2290,100146.9,[0.13289626],0.0016095841,Trade open
2291,100021.55,[0.13272561],0.00074110966,Trade open
2292,99934.82,[0.13234499],-0.0006089726,Trade open
2293,99800.0,[0.1258034],-0.0010495076,Trade open
2294,99756.01,[0.12230398],-0.0029325192,Trade open
2295,99567.97,[0.10991933],-0.0032700985,Trade open
2296,99534.26,[0.10636628],-0.0011297757,Trade open
2297,99747.99,[0.12099639],-0.0018510921,Trade open
2298,99675.96,[0.1237006],-0.0002091192,Trade open
2299,99839.93,[0.12769556],-0.0018596196,Trade open
2300,99675.11,[0.12568879],-0.0043742917,Trade open
2301,99423.99,[0.10775214],-0.008820323,Trade open
2302,98980.01,[0.1001536],-0.005776243,Trade open
2303,99283.99,[0.10821547],-0.009781505,Trade open
2304,98884.02,[0.10248393],-0.0053756074,Trade closed
2305,99324.0,[0.11926759],0.0,Trade initiated
2306,99324.0,[0.11459752],-0.0007529021,Trade open
2307,99249.22,[0.11664083],0.0021346647,Trade open
2308,99536.02,[0.12714644],0.0037972317,Trade open
2309,99701.16,[0.13172555],0.0045505273,Trade open
2310,99775.98,[0.13276947],0.006025498,Trade open
2311,99922.48,[0.12924649],0.0090876045,Trade open
2312,100226.62,[0.1340581],0.0109218005,Trade open
2313,100408.8,[0.13769214],0.007309333,Trade open
2314,100049.99,[0.12973955],0.0040546753,Trade open
2315,99726.73,[0.13035198],0.0034824477,Trade open
2316,99669.89,[0.12875274],0.005920098,Trade open
2317,99912.01,[0.13224836],0.0050339513,Trade open
2318,99823.99,[0.13200873],0.0051242495,Trade open
2319,99832.96,[0.1321519],0.005508802,Trade open
2320,99871.16,[0.13230701],0.0062419614,Trade open
2321,99943.98,[0.13264038],0.0033828681,Trade open
2322,99660.0,[0.12472205],0.0033927003,Trade open
2323,99660.98,[0.12385599],0.0018522871,Trade open
2324,99507.98,[0.1171132],0.007822647,Trade open
2325,100100.98,[0.13061732],0.006768332,Trade closed
2326,99996.26,[0.13226625],0.0,Trade initiated
2327,99996.26,[0.13106671],-0.0019625735,Trade open
2328,99800.01,[0.13159108],-4.2814103e-05,Trade open
2329,99991.98,[0.13350853],0.00030712088,Trade open
2330,100026.97,[0.13342938],-2.5000936e-06,Trade open
2331,99996.01,[0.13344787],0.0022375837,Trade open
2332,100220.01,[0.13382803],0.0038776451,Trade open
2333,100384.01,[0.14069255],0.011133776,Trade open
2334,101109.59,[0.14851806],0.00048111175,Trade open
2335,100044.37,[0.1280525],-0.0033991116,Trade open
2336,99656.36,[0.12460761],-0.0020223414,Trade open
2337,99794.03,[0.12525527],-0.0046773627,Trade open
2338,99528.54,[0.11961855],-0.006853147,Trade open
2339,99310.97,[0.11616044],-0.008003972,Trade open
2340,99195.89,[0.11485033],-0.008562898,Trade open
2341,99140.0,[0.11483547],-0.009054479,Trade open
2342,99090.84,[0.1069906],-0.008767515,Trade open
2343,99119.54,[0.11635979],-0.005682869,Trade open
2344,99427.99,[0.12535085],-0.005063236,Trade open
2345,99489.95,[0.1268498],-0.005604116,Trade open
2346,99435.87,[0.12650824],-0.010066861,Trade closed
2347,98989.61,[0.12011312],0.0,Trade initiated
2348,98989.61,[0.11353482],0.00055592955,Trade open
2349,99044.64,[0.11291158],-0.0026098858,Trade open
2350,98731.26,[0.10388137],0.0059288894,Trade open
2351,99576.51,[0.12947926],0.0040411437,Trade open
2352,99389.64,[0.1283451],-0.00089363864,Trade open
2353,98901.15,[0.12065849],-0.004185809,Trade open
2354,98575.26,[0.10966465],-0.0058948738,Trade open
2355,98406.08,[0.1072556],-0.0063307625,Trade open
2356,98362.93,[0.10658391],-0.0027789376,Trade open
2357,98714.52,[0.1193052],-0.0069664824,Trade open
2358,98300.0,[0.11219136],-0.009103386,Trade open
2359,98088.47,[0.10881058],-0.0045718183,Trade open
2360,98537.05,[0.12378931],-0.003925286,Trade open
2361,98601.05,[0.12483986],0.0010439858,Trade open
2362,99092.95,[0.12949564],0.00014569079,Trade open
2363,99004.03,[0.12800214],0.00063019554,Trade open
2364,99051.99,[0.12735356],0.011785565,Trade open
2365,100156.26,[0.13825546],-0.0071309567,Trade open
2366,98283.72,[0.12686269],-0.011896293,Trade open
2367,97812.0,[0.11599579],-0.008178652,Trade closed
2368,98180.01,[0.12424291],0.0,Trade initiated
2369,98180.01,[0.12081892],-0.0034217283,Trade open
2370,97844.06,[0.11936754],-0.0035136354,Trade open
2371,97835.04,[0.12002711],-0.008270205,Trade open
2372,97368.04,[0.1150542],0.00048651072,Trade open
2373,98227.77,[0.12561126],-0.004108286,Trade open
2374,97776.66,[0.12280165],-0.0057329326,Trade open
2375,97617.15,[0.12202914],-0.011302581,Trade open
2376,97070.32,[0.11443354],-0.016215194,Trade open
2377,96588.0,[0.10860023],-0.019637398,Trade open
2378,96252.01,[0.10469543],-0.014055895,Trade open
2379,96800.0,[0.10767463],-0.01311884,Trade open
2380,96892.0,[0.11894777],-0.010755754,Trade open
2381,97124.01,[0.11444773],-0.012181706,Trade open
2382,96984.01,[0.11881077],-0.0076879673,Trade open
2383,97425.2,[0.12285519],-0.009202883,Trade open
2384,97276.47,[0.12234582],-0.0061822827,Trade open
2385,97573.03,[0.12410312],-0.0031788708,Trade open
2386,97867.91,[0.12513678],-0.002011452,Trade open
2387,97982.52,[0.1252252],-0.0023834568,Trade open
2388,97946.0,[0.12513821],-0.007570756,Trade closed
2389,97436.71,[0.12509923],0.0,Trade initiated
2390,97436.71,[0.12316547],-0.00797136,Trade open
2391,96660.01,[0.11595842],-0.015181249,Trade open
2392,95957.5,[0.10364356],-0.005179965,Trade open
2393,96931.99,[0.11736482],-0.009926074,Trade open
2394,96469.55,[0.11307901],-0.0041538985,Trade open
2395,97031.97,[0.12071098],-0.008487561,Trade open
2396,96609.71,[0.11829473],-0.005077334,Trade open
2397,96941.99,[0.12034725],-0.0020146891,Trade open
2398,97240.41,[0.12560305],0.0002862435,Trade open
2399,97464.6,[0.12884255],-0.004180037,Trade open
2400,97029.42,[0.12715259],-0.0024659436,Trade open
2401,97196.44,[0.1269225],-0.0013814255,Trade open
2402,97302.11,[0.12986213],-0.0005233365,Trade open
2403,97385.72,[0.1313523],-0.00014071634,Trade open
2404,97423.0,[0.13128106],0.0005376888,Trade open
2405,97489.1,[0.13168365],0.0018239403,Trade open
2406,97614.43,[0.13074121],0.0025738662,Trade open
2407,97687.5,[0.13081147],0.0028662835,Trade open
2408,97715.99,[0.1330282],0.0029333143,Trade open
2409,97722.52,[0.12942752],-0.0018556918,Trade closed
2410,97255.9,[0.12837684],0.0,Trade initiated
2411,97255.9,[0.13086124],-0.00097061915,Trade open
2412,97161.5,[0.12277132],0.0020986837,Trade open
2413,97460.01,[0.13189287],0.004960737,Trade open
2414,97738.36,[0.13257986],0.007815159,Trade open
2415,98015.97,[0.13323565],0.005800259,Trade open
2416,97820.01,[0.13266914],-0.0045617414,Trade open
2417,96812.24,[0.11588167],-0.016421722,Trade open
2418,95658.79,[0.10224696],-0.01941174,Trade open
2419,95367.99,[0.10074927],-0.00962538,Trade open
2420,96319.77,[0.10923992],-0.027352856,Trade open
2421,94595.67,[0.09977936],-0.028501002,Trade open
2422,94484.01,[0.10257154],-0.02320955,Trade open
2423,94998.63,[0.11011031],-0.021837927,Trade open
2424,95132.03,[0.11704438],-0.013921955,Trade open
2425,95901.91,[0.12644951],-0.014388829,Trade open
2426,95856.5,[0.12559709],-0.008365254,Trade open
2427,96442.33,[0.13001594],-0.008443093,Trade open
2428,96434.76,[0.12942414],-0.0032850674,Trade open
2429,96936.41,[0.12928435],-0.0040912526,Trade open
2430,96858.0,[0.12718254],-0.0045835907,Trade closed
2431,96810.12,[0.12506238],0.0,Trade initiated
2432,96810.12,[0.12770505],0.00040615912,Trade open
2433,96849.44,[0.12772958],0.0017965258,Trade open
2434,96984.04,[0.12760687],-0.0022427118,Trade open
2435,96593.0,[0.1313135],-0.005300163,Trade open
2436,96297.01,[0.12960316],-0.0041060564,Trade open
2437,96412.61,[0.12546703],-0.00935667,Trade open
2438,95904.3,[0.12264331],-0.010929578,Trade open
2439,95752.02,[0.11735804],-0.0051397327,Trade open
2440,96312.54,[0.12497111],0.0041025863,Trade open
2441,97207.29,[0.12897009],0.005102611,Trade open
2442,97304.1,[0.13335101],0.0060769734,Trade open
2443,97398.43,[0.13206673],0.005284184,Trade open
2444,97321.68,[0.12990442],0.0076112268,Trade open
2445,97546.96,[0.13104224],0.005937767,Trade open
2446,97384.95,[0.12910451],0.007076433,Trade open
2447,97495.19,[0.12864564],0.008943329,Trade open
2448,97675.92,[0.13030283],0.00908431,Trade open
2449,97689.57,[0.13050014],0.008043855,Trade open
2450,97588.84,[0.12883975],0.005417661,Trade open
2451,97334.6,[0.13171637],0.011818964,Trade closed
2452,97954.31,[0.13815875],0.0,Trade initiated
2453,97954.31,[0.13162835],0.0015883521,Trade open
2454,98109.9,[0.14057687],-0.0012599145,Trade open
2455,97830.9,[0.13302363],0.00046633667,Trade open
2456,97999.99,[0.13195948],0.00045987638,Trade open
2457,97999.36,[0.13217045],0.0026540593,Trade open
2458,98214.29,[0.13643649],0.0050603948,Trade open
2459,98450.0,[0.1403015],0.003453619,Trade open
2460,98292.61,[0.13623172],0.004028345,Trade open
2461,98348.91,[0.13620533],0.002875703,Trade open
2462,98236.0,[0.13150254],0.0043048607,Trade open
2463,98375.99,[0.13223004],0.007988896,Trade open
2464,98736.86,[0.13938725],0.007290947,Trade open
2465,98668.49,[0.13862297],0.01594278,Trade open
2466,99515.98,[0.14703931],0.025846552,Trade open
2467,100486.09,[0.14671616],0.02457603,Trade open
2468,100361.64,[0.14054525],0.031467076,Trade open
2469,101036.65,[0.13584836],0.02676431,Trade open
2470,100575.99,[0.13252205],0.026060937,Trade open
2471,100507.09,[0.13020355],0.018657533,Trade open
2472,99781.9,[0.12957522],0.025134964,Trade closed
2473,100416.39,[0.13211885],0.0,Trade initiated
2474,100416.39,[0.12954582],-0.0002756491,Trade open
2475,100388.71,[0.13090053],0.0035537183,Trade open
2476,100773.24,[0.13091892],0.007033915,Trade open
2477,101122.71,[0.13295665],0.009258013,Trade open
2478,101346.05,[0.13645345],0.008516258,Trade open
2479,101271.56,[0.13681224],0.0054076393,Trade open
2480,100959.41,[0.13077301],0.010991498,Trade open
2481,101520.12,[0.13499676],0.0108978255,Trade open
2482,101510.71,[0.13814282],0.007900618,Trade open
2483,101209.74,[0.13101035],0.008657156,Trade open
2484,101285.71,[0.13130276],0.0070567103,Trade open
2485,101125.0,[0.13178676],0.0044172322,Trade open
2486,100859.95,[0.13242577],0.003545938,Trade open
2487,100772.46,[0.13376795],0.0036807675,Trade open
2488,100786.0,[0.13353673],0.0007957491,Trade open
2489,100496.3,[0.1272951],0.003628952,Trade open
2490,100780.8,[0.13240567],0.014025272,Trade open
2491,101824.76,[0.13396227],0.010722151,Trade open
2492,101493.07,[0.1323739],0.006069493,Trade open
2493,101025.87,[0.13229813],0.004656081,Trade closed
2494,100883.94,[0.13231938],0.0,Trade initiated
2495,100883.94,[0.13052118],-0.0020640984,Trade open
2496,100675.7,[0.12793915],0.0003851115,Trade open
2497,100922.79,[0.13142022],-0.0026275553,Trade open
2498,100618.86,[0.12769715],-0.0024180787,Trade open
2499,100639.99,[0.12530461],-0.002969455,Trade open
2500,100584.37,[0.12562624],-0.0010301906,Trade open
2501,100780.01,[0.12981567],-0.0038058122,Trade open
2502,100499.99,[0.12634562],-0.0003013209,Trade open
2503,100853.54,[0.12910485],0.00095220807,Trade open
2504,100980.0,[0.12751749],0.001105153,Trade open
2505,100995.43,[0.12719397],-0.00069255015,Trade open
2506,100814.07,[0.12882864],-0.0017441919,Trade open
2507,100707.98,[0.12666],-0.0030183198,Trade open
2508,100579.44,[0.12315264],-0.004269603,Trade open
2509,100453.2,[0.11630605],-0.005209111,Trade open
2510,100358.42,[0.11507729],-0.0016965659,Trade open
2511,100712.78,[0.13066183],-0.0005544738,Trade open
2512,100828.0,[0.13037194],0.00366882,Trade open
2513,101254.06,[0.13682894],0.00027808873,Trade open
2514,100911.99,[0.12703288],0.0052321106,Trade closed
2515,101411.77,[0.13579871],0.0,Trade initiated
2516,101411.77,[0.13367262],0.0028622479,Trade open
2517,101702.04,[0.13551274],0.0008699064,Trade open
2518,101499.99,[0.1309844],0.003800024,Trade open
2519,101797.14,[0.13566378],0.0043958314,Trade open
2520,101857.56,[0.14038654],0.00050012686,Trade open
2521,101462.49,[0.12978041],0.0011872235,Trade open
2522,101532.17,[0.13121791],0.0020300897,Trade open
2523,101617.65,[0.13164172],0.0019878733,Trade open
2524,101613.37,[0.1312074],-0.0054646484,Trade open
2525,100857.59,[0.1250255],-0.014591655,Trade open
2526,99932.01,[0.10029045],-0.019035788,Trade open
2527,99481.32,[0.09929602],-0.018177284,Trade open
2528,99568.38,[0.10105393],-0.013645019,Trade open
2529,100028.01,[0.118122],-0.01345805,Trade open
2530,100046.97,[0.11945542],-0.01628771,Trade open
2531,99760.01,[0.11609356],-0.014487038,Trade open
2532,99942.62,[0.1186887],-0.009543009,Trade open
2533,100444.0,[0.1274461],-0.013074712,Trade open
2534,100085.84,[0.12424266],-0.013878905,Trade open
2535,100004.29,[0.12307937],-0.011475338,Trade closed
2536,100248.04,[0.12815301],0.0,Trade initiated
2537,100248.04,[0.12906252],-0.001644203,Trade open
2538,100083.21,[0.12824255],-0.0066715768,Trade open
2539,99579.23,[0.11738694],-0.009218151,Trade open
2540,99323.94,[0.10823215],-0.00883348,Trade open
2541,99362.5,[0.10982084],-0.007611589,Trade open
2542,99484.99,[0.11772479],-0.0066638617,Trade open
2543,99580.0,[0.12155024],-0.005176613,Trade open
2544,99729.09,[0.12379187],-0.0038262906,Trade open
2545,99864.46,[0.12729327],-0.0024696556,Trade open
2546,100000.46,[0.12909195],-0.0029734839,Trade open
2547,99949.95,[0.12714596],-0.0035715317,Trade open
2548,99890.0,[0.1278038],-0.0022360163,Trade open
2549,100023.88,[0.12754291],-0.005466831,Trade open
2550,99700.0,[0.12812127],-0.0050406223,Trade open
2551,99742.73,[0.12576452],-0.0011774701,Trade open
2552,100130.0,[0.13134243],0.00046345982,Trade open
2553,100294.5,[0.13148838],0.00023901652,Trade open
2554,100272.0,[0.1310031],-0.001840513,Trade open
2555,100063.53,[0.1307984],-0.0014767278,Trade open
2556,100100.0,[0.12923871],-0.0023945293,Trade closed
2557,100007.99,[0.12992871],0.0,Trade initiated
2558,100007.99,[0.1293871],0.004495891,Trade open
2559,100457.62,[0.132406],0.00583469,Trade open
2560,100591.51,[0.13778143],0.003453474,Trade open
2561,100353.37,[0.12856424],0.003217946,Trade open
2562,100329.81,[0.12679183],0.0029183605,Trade open
2563,100299.85,[0.13007076],0.0010471038,Trade open
2564,100112.71,[0.13071275],0.0027633728,Trade open
2565,100284.35,[0.12873359],0.0040667844,Trade open
2566,100414.7,[0.13002068],0.010100443,Trade open
2567,101018.12,[0.14133956],0.011514236,Trade open
2568,101159.51,[0.14414947],-0.0013482516,Trade open
2569,99873.16,[0.12683378],0.001999684,Trade open
2570,100207.98,[0.12551793],0.009799373,Trade open
2571,100988.01,[0.13182656],0.012605789,Trade open
2572,101268.67,[0.13603278],0.017297601,Trade open
2573,101737.89,[0.1391796],0.016718742,Trade open
2574,101680.0,[0.13691981],0.014877952,Trade open
2575,101495.91,[0.13395129],0.01273117,Trade open
2576,101281.21,[0.1300059],0.014542353,Trade open
2577,101462.34,[0.13101086],0.016657185,Trade closed
2578,101673.84,[0.13810441],0.0,Trade initiated
2579,101673.84,[0.13148646],6.0549006e-05,Trade open
2580,101680.0,[0.13200592],-0.004011295,Trade open
2581,101266.0,[0.13133849],-0.0036410852,Trade open
2582,101303.64,[0.1314432],-0.0053291577,Trade open
2583,101132.01,[0.1322788],-0.004392108,Trade open
2584,101227.28,[0.13285357],-0.005233032,Trade open
2585,101141.78,[0.12951276],-0.002454847,Trade open
2586,101424.25,[0.12989932],-0.002907889,Trade open
2587,101378.19,[0.12944175],-0.003666365,Trade open
2588,101301.07,[0.1304293],0.008920452,Trade open
2589,102580.82,[0.14835016],0.0046367627,Trade open
2590,102145.28,[0.1420425],0.0012489385,Trade open
2591,101800.83,[0.13003574],0.003528593,Trade open
2592,102032.61,[0.13032551],0.0051599583,Trade open
2593,102198.48,[0.13143432],0.0040733805,Trade open
2594,102088.0,[0.13019985],0.0012927366,Trade open
2595,101805.28,[0.13012908],7.837561e-05,Trade open
2596,101681.81,[0.13200663],0.0011226923,Trade open
2597,101787.99,[0.13305867],0.00048147215,Trade open
2598,101722.8,[0.13217516],0.003080008,Trade closed
2599,101987.0,[0.13526624],0.0,Trade initiated
2600,101987.0,[0.12994717],-0.00079375925,Trade open
2601,101906.05,[0.12909146],-0.0035004462,Trade open
2602,101630.0,[0.12857893],-0.0015982429,Trade open
2603,101824.0,[0.1300893],-0.0023651912,Trade open
2604,101745.78,[0.12910847],-0.001803845,Trade open
2605,101803.03,[0.12836613],-0.0033533685,Trade open
2606,101645.0,[0.1259936],-0.004272297,Trade open
2607,101551.28,[0.12176374],-0.0052980096,Trade open
2608,101446.67,[0.11171552],-0.004279191,Trade open
2609,101550.58,[0.12259791],-0.0035395902,Trade open
2610,101626.01,[0.12578306],-0.0039515607,Trade open
2611,101583.99,[0.12743957],-0.005219109,Trade open
2612,101454.72,[0.12285591],-0.006756146,Trade open
2613,101297.96,[0.11006062],-0.009089317,Trade open
2614,101060.01,[0.10282801],-0.008010365,Trade open
2615,101170.05,[0.10827904],-0.0063719824,Trade open
2616,101337.14,[0.12123917],-0.005419349,Trade open
2617,101434.3,[0.12665878],-0.004015677,Trade open
2618,101577.45,[0.13257143],-0.003548323,Trade open
2619,101625.12,[0.13255477],-0.005347725,Trade closed
2620,101441.6,[0.1301739],0.0,Trade initiated
2621,101441.6,[0.12874182],0.002061839,Trade open
2622,101650.76,[0.13084807],-0.0020736994,Trade open
2623,101231.24,[0.12227183],-0.0044715535,Trade open
2624,100988.0,[0.10641093],-0.0050200527,Trade open
2625,100932.36,[0.106748],-0.0053787106,Trade open
2626,100895.98,[0.1069011],-0.0026224293,Trade open
2627,101175.58,[0.1227784],-0.0012624258,Trade open
2628,101313.54,[0.13068111],-0.0026835022,Trade open
2629,101169.38,[0.12647027],-0.0067191524,Trade open
2630,100760.0,[0.10800823],-0.0026321332,Trade open
2631,101174.59,[0.12240868],-0.003617075,Trade open
2632,101074.68,[0.12226272],-0.0025790702,Trade open
2633,101179.98,[0.12084078],-0.0031936478,Trade open
2634,101117.63,[0.12397945],-0.0005283982,Trade open
2635,101388.0,[0.12868083],-0.0002129458,Trade open
2636,101420.0,[0.131356],0.0008738094,Trade open
2637,101530.24,[0.13210599],8.086549e-06,Trade open
2638,101442.42,[0.13153699],0.00141453,Trade open
2639,101585.09,[0.13376819],0.0068302844,Trade open
2640,102134.48,[0.14200084],0.0047948617,Trade closed
2641,101928.0,[0.13712586],0.0,Trade initiated
2642,101928.0,[0.13739337],-0.0009501958,Trade open
2643,101831.15,[0.13068461],-0.0012147055,Trade open
2644,101804.19,[0.12881018],-0.0019050671,Trade open
2645,101733.82,[0.1294712],0.006716291,Trade open
2646,102612.58,[0.13990277],0.0042988374,Trade open
2647,102366.17,[0.13565527],0.0051370515,Trade open
2648,102451.61,[0.1350392],0.0022691416,Trade open
2649,102159.29,[0.12873368],0.0009950345,Trade open
2650,102029.42,[0.1270322],-0.0016502151,Trade open
2651,101759.8,[0.12920576],-0.0006797844,Trade open
2652,101858.71,[0.13004667],-0.0019220063,Trade open
2653,101732.09,[0.12590723],-0.0016020807,Trade open
2654,101764.7,[0.12565488],0.000855,Trade open
2655,102015.15,[0.13105038],0.00096000667,Trade open
2656,102025.85,[0.12835857],0.003299817,Trade open
2657,102264.34,[0.12854663],0.002521311,Trade open
2658,102184.99,[0.12749657],0.0034534181,Trade open
2659,102280.0,[0.12711577],0.00516932,Trade open
2660,102454.9,[0.1311123],0.0072937515,Trade open
2661,102671.44,[0.13631667],0.007981737,Trade closed
2662,102741.56,[0.14385909],0.0,Trade initiated
2663,102741.56,[0.13943923],0.0019950694,Trade open
2664,102946.54,[0.14121377],-0.00048072683,Trade open
2665,102692.17,[0.13250358],0.0004193623,Trade open
2666,102784.65,[0.13179667],0.0015104647,Trade open
2667,102896.75,[0.133929],0.0024605882,Trade open
2668,102994.37,[0.1338593],0.0015755552,Trade open
2669,102903.44,[0.13190582],-0.00036552575,Trade open
2670,102704.01,[0.12847602],0.0039096884,Trade open
2671,103143.25,[0.13406673],0.003752285,Trade open
2672,103127.08,[0.1385383],0.0027879418,Trade open
2673,103028.0,[0.13261491],0.0041116513,Trade open
2674,103164.0,[0.13643928],0.00441087,Trade open
2675,103194.74,[0.13465002],0.0045009777,Trade open
2676,103204.0,[0.13604097],0.0061779707,Trade open
2677,103376.3,[0.13871148],0.0049774465,Trade open
2678,103252.95,[0.13287032],0.0046866685,Trade open
2679,103223.08,[0.13124245],0.0039250487,Trade open
2680,103144.83,[0.12875384],-0.00020987124,Trade open
2681,102720.0,[0.12244875],0.0011436462,Trade open
2682,102859.06,[0.12645051],0.0041506602,Trade closed
2683,103168.01,[0.13313562],0.0,Trade initiated
2684,103168.01,[0.1315003],0.0010595581,Trade open
2685,103277.32,[0.13429612],0.015704587,Trade open
2686,104788.22,[0.14822748],0.012561882,Trade open
2687,104463.99,[0.14717703],0.020148642,Trade open
2688,105246.7,[0.14419696],0.022070266,Trade open
2689,105444.95,[0.1417438],0.018797994,Trade open
2690,105107.36,[0.13788904],0.02291393,Trade open
2691,105531.99,[0.13607043],0.013978186,Trade open
2692,104610.11,[0.13209908],0.013737907,Trade open
2693,104585.32,[0.13226199],0.017033957,Trade open
2694,104925.37,[0.13373509],0.01370845,Trade open
2695,104582.28,[0.13229948],0.014112826,Trade open
2696,104624.0,[0.1325779],0.014715226,Trade open
2697,104686.15,[0.13239537],0.01585301,Trade open
2698,104803.53,[0.13314168],0.01802877,Trade open
2699,105028.0,[0.13337575],0.018688494,Trade open
2700,105096.06,[0.1332412],0.01921108,Trade open
2701,105149.98,[0.13356334],0.020006202,Trade open
2702,105232.01,[0.13440403],0.017687472,Trade open
2703,104992.79,[0.1322366],0.015511486,Trade closed
2704,104768.3,[0.13444532],0.0,Trade initiated
2705,104768.3,[0.13264959],-0.002222613,Trade open
2706,104535.44,[0.12854777],-0.00018701983,Trade open
2707,104748.7,[0.1318952],-0.0008741015,Trade open
2708,104676.72,[0.12979896],-0.003209836,Trade open
2709,104432.01,[0.12379486],-0.0007951326,Trade open
2710,104684.99,[0.12852657],-0.0028621939,Trade open
2711,104468.43,[0.12714636],-0.009643229,Trade open
2712,103757.99,[0.10393007],-0.008421113,Trade open
2713,103886.03,[0.10739785],-0.010616507,Trade open
2714,103656.02,[0.10472006],-0.006722498,Trade open
2715,104063.99,[0.11962394],-0.0082112,Trade open
2716,103908.02,[0.11875466],-0.0037064678,Trade open
2717,104379.98,[0.12952323],0.0068599293,Trade open
2718,105487.0,[0.13655907],0.014677478,Trade open
2719,106306.03,[0.14391157],0.014925421,Trade open
2720,106332.01,[0.14375947],0.019010551,Trade open
2721,106760.0,[0.14400046],0.019630522,Trade open
2722,106824.95,[0.14078657],0.022323666,Trade open
2723,107107.11,[0.13864812],0.02205104,Trade open
2724,107078.55,[0.13687],0.02846445,Trade closed
2725,107750.47,[0.13961275],0.0,Trade initiated
2726,107750.47,[0.134439],-0.0062353993,Trade open
2727,107078.6,[0.13227893],-0.015224774,Trade open
2728,106109.99,[0.13096975],-0.010833842,Trade open
2729,106583.12,[0.13294567],-0.013966804,Trade open
2730,106245.54,[0.13209984],-0.01802414,Trade open
2731,105808.36,[0.12963153],-0.016959323,Trade open
2732,105923.09,[0.12850446],-0.0157094,Trade open
2733,106057.77,[0.13003455],-0.015605501,Trade open
2734,106068.97,[0.13036306],-0.0179533,Trade open
2735,105815.99,[0.1254443],-0.020381799,Trade open
2736,105554.32,[0.12224676],-0.015701208,Trade open
2737,106058.66,[0.12890767],-0.014983476,Trade open
2738,106135.99,[0.12969935],-0.017577287,Trade open
2739,105856.51,[0.12888426],-0.014552068,Trade open
2740,106182.48,[0.13030843],-0.012756035,Trade open
2741,106376.0,[0.13433185],-0.011004738,Trade open
2742,106564.7,[0.1348061],-0.013747765,Trade open
2743,106269.14,[0.13368906],-0.009526278,Trade open
2744,106724.01,[0.13509378],-0.008203923,Trade open
2745,106866.49,[0.13634674],-0.011475226,Trade closed
2746,106514.01,[0.134046],0.0,Trade initiated
2747,106514.01,[0.13180983],-0.00012425009,Trade open
2748,106500.77,[0.13225245],0.00088243966,Trade open
2749,106608.0,[0.13088222],0.002848657,Trade open
2750,106817.43,[0.13020279],-0.00038499924,Trade open
2751,106473.0,[0.12945622],0.00033769032,Trade open
2752,106549.98,[0.13235775],0.0058575775,Trade open
2753,107137.92,[0.13499466],0.002739003,Trade open
2754,106805.75,[0.1313948],0.007329875,Trade open
2755,107294.74,[0.13868171],0.008380133,Trade open
2756,107406.61,[0.14145325],0.0071322047,Trade open
2757,107273.69,[0.13551351],0.007435862,Trade open
2758,107306.03,[0.13407604],0.0050322018,Trade open
2759,107050.01,[0.13127975],0.006531198,Trade open
2760,107209.67,[0.13192539],0.0060909684,Trade open
2761,107162.78,[0.12953445],0.0027630609,Trade open
2762,106808.31,[0.12953275],0.0032392307,Trade open
2763,106859.03,[0.12865481],0.0058396077,Trade open
2764,107136.01,[0.13464826],0.008833419,Trade open
2765,107454.89,[0.13235728],0.0073644216,Trade open
2766,107298.42,[0.13139127],0.011422867,Trade closed
2767,107730.7,[0.14112817],0.0,Trade initiated
2768,107730.7,[0.13553567],0.004898209,Trade open
2769,108258.39,[0.14532225],-0.015673196,Trade open
2770,106042.22,[0.11435283],-0.011623747,Trade open
2771,106478.47,[0.11611791],-0.010124421,Trade open
2772,106639.99,[0.12349115],-0.00607983,Trade open
2773,107075.72,[0.13041519],-0.0017966529,Trade open
2774,107537.15,[0.12887335],-0.002082377,Trade open
2775,107506.37,[0.128938],-0.006799579,Trade open
2776,106998.18,[0.1308928],-0.010942215,Trade open
2777,106551.89,[0.12514071],-0.009854506,Trade open
2778,106669.07,[0.12473644],-0.011647678,Trade open
2779,106475.89,[0.12278558],-0.01255641,Trade open
2780,106377.99,[0.12244579],-0.009261302,Trade open
2781,106732.98,[0.12873618],-0.010319279,Trade open
2782,106619.0,[0.1280737],-0.012245015,Trade open
2783,106411.54,[0.12464879],-0.01735157,Trade open
2784,105861.41,[0.11023879],-0.016324922,Trade open
2785,105972.01,[0.10851995],-0.015310312,Trade open
2786,106081.31,[0.11457762],-0.014823638,Trade open
2787,106133.74,[0.12189283],-0.015028793,Trade closed
2788,106111.64,[0.12699376],0.0,Trade initiated
2789,106111.64,[0.12466066],-0.00011978834,Trade open
2790,106098.93,[0.11765818],0.0020000308,Trade open
2791,106323.87,[0.12731847],-0.0073394105,Trade open
2792,105332.84,[0.10566634],-0.00482172,Trade open
2793,105600.0,[0.11018439],-0.007527302,Trade open
2794,105312.91,[0.10907529],-0.01124074,Trade open
2795,104918.87,[0.10222363],-0.012700436,Trade open
2796,104763.98,[0.10108685],-0.019523144,Trade open
2797,104040.01,[0.10061309],-0.021144077,Trade open
2798,103868.01,[0.10163005],-0.019485595,Trade open
2799,104043.99,[0.10344778],-0.023932047,Trade open
2800,103572.17,[0.1038385],-0.02041239,Trade open
2801,103945.65,[0.10956305],-0.02183542,Trade open
2802,103794.65,[0.10926833],-0.018410444,Trade open
2803,104158.08,[0.11959536],-0.017537102,Trade open
2804,104250.75,[0.12115954],-0.02039023,Trade open
2805,103948.0,[0.11881024],-0.021733817,Trade open
2806,103805.43,[0.11556903],-0.017186277,Trade open
2807,104287.98,[0.12507299],-0.019447898,Trade open
2808,104047.99,[0.12392925],-0.017193714,Trade closed
2809,104287.19,[0.12485801],0.0,Trade initiated
2810,104287.19,[0.12546362],0.0023381948,Trade open
2811,104531.03,[0.1282192],0.0043419763,Trade open
2812,104740.0,[0.12661056],0.0071067275,Trade open
2813,105028.33,[0.12773655],0.0061649173,Trade open
2814,104930.11,[0.12821348],0.006068054,Trade open
2815,104920.01,[0.12903903],0.0074533513,Trade open
2816,105064.48,[0.12765418],0.002813295,Trade open
2817,104580.58,[0.12863716],0.003881709,Trade open
2818,104692.0,[0.13071227],-0.0025627099,Trade open
2819,104019.93,[0.11872252],-0.0013055145,Trade open
2820,104151.04,[0.1171404],0.0013554068,Trade open
2821,104428.54,[0.12667029],-0.0049293716,Trade open
2822,103773.12,[0.11128998],-0.0008397035,Trade open
2823,104199.62,[0.11963513],0.00035778605,Trade open
2824,104324.5,[0.12562688],0.0035382314,Trade open
2825,104656.18,[0.13120355],0.0037852204,Trade open
2826,104681.94,[0.13053674],0.005003536,Trade open
2827,104808.99,[0.12970848],-0.005313003,Trade open
2828,103733.11,[0.11263708],-0.0140896235,Trade open
2829,102817.82,[0.10230569],-0.025577806,Trade closed
2830,101619.75,[0.0987043],0.0,Trade initiated
2831,101619.75,[0.10390829],-0.007607558,Trade open
2832,100846.67,[0.10375313],-0.0036576306,Trade open
2833,101248.06,[0.10507242],-0.0059949285,Trade open
2834,101010.55,[0.10845975],-0.004602944,Trade open
2835,101152.0,[0.11147423],-0.004598485,Trade open
2836,101152.45,[0.11485896],-0.0069097974,Trade open
2837,100917.58,[0.11372166],-0.013931762,Trade open
2838,100204.01,[0.11369301],-0.0070434143,Trade open
2839,100904.0,[0.11902089],-0.007760241,Trade open
2840,100831.16,[0.11880501],-0.0103430925,Trade open
2841,100568.69,[0.11774196],-0.01821281,Trade open
2842,99768.97,[0.11359409],-0.026315782,Trade open
2843,98945.55,[0.11565693],-0.010678903,Trade open
2844,100534.56,[0.12412552],-0.007122139,Trade open
2845,100896.0,[0.12490571],-0.004198018,Trade open
2846,101193.15,[0.12841636],-0.005690408,Trade open
2847,101041.49,[0.12739797],-0.009330202,Trade open
2848,100671.62,[0.12529065],-0.0049458276,Trade open
2849,101117.16,[0.12809183],-0.003146457,Trade open
2850,101300.01,[0.12918411],-0.0057077827,Trade closed
2851,101039.73,[0.12216637],0.0,Trade initiated
2852,101039.73,[0.12710097],0.0015863191,Trade open
2853,101200.01,[0.12766576],0.005035767,Trade open
2854,101548.54,[0.13144158],0.0061049624,Trade open
2855,101656.57,[0.13034],0.0069362414,Trade open
2856,101740.56,[0.13160229],0.005944908,Trade open
2857,101640.4,[0.1300204],0.005804416,Trade open
2858,101626.2,[0.12930734],0.0076827765,Trade open
2859,101815.99,[0.13033248],0.01032159,Trade open
2860,102082.62,[0.13122931],0.013555234,Trade open
2861,102409.34,[0.13601993],0.014002537,Trade open
2862,102454.54,[0.13474604],0.013957536,Trade open
2863,102449.99,[0.1328881],0.013071436,Trade open
2864,102360.46,[0.13094997],0.009385155,Trade open
2865,101988.0,[0.1326308],0.011285397,Trade open
2866,102180.0,[0.13349718],0.009033189,Trade open
2867,101952.44,[0.12934336],0.013504589,Trade open
2868,102404.23,[0.13508487],-0.0009631886,Trade open
2869,100942.41,[0.10845929],-0.011119389,Trade open
2870,99916.23,[0.0997967],-0.0035616406,Trade open
2871,100679.86,[0.10645719],-0.0051158713,Trade closed
2872,100522.82,[0.1110797],0.0,Trade initiated
2873,100522.82,[0.1087699],0.0019247029,Trade open
2874,100716.3,[0.11907376],-0.009871981,Trade open
2875,99530.46,[0.10498915],-0.01658291,Trade open
2876,98855.86,[0.10061952],-0.020522391,Trade open
2877,98459.85,[0.10269648],-0.015818236,Trade open
2878,98932.73,[0.10908068],-0.023748728,Trade open
2879,98135.53,[0.10871047],-0.03305818,Trade open
2880,97199.72,[0.1093465],-0.03912187,Trade open
2881,96590.18,[0.11279291],-0.04091888,Trade open
2882,96409.54,[0.11545841],-0.029853063,Trade open
2883,97521.91,[0.12097607],-0.03089014,Trade open
2884,97417.66,[0.11949762],-0.027594248,Trade open
2885,97748.97,[0.12040818],-0.021205228,Trade open
2886,98391.21,[0.12322337],-0.02635681,Trade open
2887,97873.36,[0.1221475],-0.03045041,Trade open
2888,97461.86,[0.12150377],-0.036748186,Trade open
2889,96828.79,[0.11966464],-0.032575704,Trade open
2890,97248.22,[0.12147679],-0.03442867,Trade open
2891,97061.95,[0.12111725],-0.041809693,Trade open
2892,96319.99,[0.11862729],-0.033174757,Trade closed
2893,97188.0,[0.12172171],0.0,Trade initiated
2894,97188.0,[0.12210944],0.0045745745,Trade open
2895,97632.59,[0.12613112],0.0033385681,Trade open
2896,97512.47,[0.12605652],-0.0008434844,Trade open
2897,97106.02,[0.12372565],0.005967172,Trade open
2898,97767.94,[0.12673561],0.0011942865,Trade open
2899,97304.07,[0.12518978],-0.00221486,Trade open
2900,96972.74,[0.12416723],-0.004668063,Trade open
2901,96734.32,[0.12143115],-0.0049388814,Trade open
2902,96708.0,[0.12201875],0.00096068636,Trade open
2903,97281.37,[0.12419472],0.008956144,Trade open
2904,98058.43,[0.12802988],0.0066317986,Trade open
2905,97832.53,[0.1305578],-0.005633492,Trade open
2906,96640.49,[0.12398949],-0.017638575,Trade open
2907,95473.74,[0.10889203],-0.020721357,Trade open
2908,95174.13,[0.11033668],-0.02444899,Trade open
2909,94811.85,[0.10952465],-0.025373422,Trade open
2910,94722.01,[0.10967517],-0.029103065,Trade open
2911,94359.53,[0.11249639],-0.03654772,Trade open
2912,93636.0,[0.11257529],-0.04593184,Trade open
2913,92723.98,[0.11569949],-0.036469508,Trade closed
2914,93643.6,[0.11761974],0.0,Trade initiated
2915,93643.6,[0.11748323],0.0031838634,Trade open
2916,93941.75,[0.12079675],0.0020636753,Trade open
2917,93836.85,[0.12012357],0.016663162,Trade open
2918,95204.0,[0.12783794],0.016820673,Trade open
2919,95218.75,[0.12727097],0.021190884,Trade open
2920,95627.99,[0.13007799],0.036540136,Trade open
2921,97065.35,[0.12623799],0.035752743,Trade open
2922,96991.62,[0.12927267],0.040070977,Trade open
2923,97395.99,[0.13346033],0.03293755,Trade open
2924,96727.99,[0.12931901],0.038786687,Trade open
2925,97275.73,[0.13026427],0.03804843,Trade open
2926,97206.59,[0.12944174],0.033777583,Trade open
2927,96806.66,[0.1312108],0.035773683,Trade open
2928,96993.58,[0.13143134],0.042082176,Trade open
2929,97584.33,[0.1292842],0.037081,Trade open
2930,97116.0,[0.12871078],0.036910057,Trade open
2931,97099.99,[0.12996475],0.029989036,Trade open
2932,96451.88,[0.12992711],0.026750444,Trade open
2933,96148.61,[0.11556908],0.031819444,Trade open
2934,96623.29,[0.12243327],0.037558958,Trade closed
2935,97160.76,[0.13413131],0.0,Trade initiated
2936,97160.76,[0.13229144],0.003120312,Trade open
2937,97463.93,[0.13429081],0.0064086765,Trade open
2938,97783.43,[0.13475107],0.006635186,Trade open
2939,97805.44,[0.13403665],0.00081565854,Trade open
2940,97240.01,[0.13162088],0.0037568216,Trade open
2941,97525.77,[0.13291621],0.0032695492,Trade open
2942,97478.43,[0.13277677],0.0020221,Trade open
2943,97357.23,[0.13207771],0.0025429022,Trade open
2944,97407.83,[0.13300152],0.0024211647,Trade open
2945,97396.0,[0.13234629],0.002227703,Trade open
2946,97377.2,[0.13258442],0.0033625008,Trade open
2947,97487.46,[0.13390377],0.0028270641,Trade open
2948,97435.44,[0.13138191],0.004397271,Trade open
2949,97588.0,[0.13225214],0.0045406385,Trade open
2950,97601.93,[0.1322362],0.015759641,Trade open
2951,98691.98,[0.14653488],0.012852652,Trade open
2952,98409.53,[0.14413023],0.016117617,Trade open
2953,98726.76,[0.14365673],0.018210476,Trade open
2954,98930.1,[0.14116082],0.019341577,Trade open
2955,99040.0,[0.13910359],0.014690618,Trade closed
2956,98588.11,[0.14010073],0.0,Trade initiated
2957,98588.11,[0.13402455],0.0006277697,Trade open
2958,98650.0,[0.13204375],-0.0014210797,Trade open
2959,98448.01,[0.13121158],-0.00022608266,Trade open
2960,98565.82,[0.13198565],-0.0004474107,Trade open
2961,98544.0,[0.13150883],-0.004634338,Trade open
2962,98131.22,[0.13158344],-0.0070927194,Trade open
2963,97888.85,[0.1241335],-0.0033070038,Trade open
2964,98262.08,[0.13055578],-0.0074538337,Trade open
2965,97853.25,[0.11899409],-0.014769704,Trade open
2966,97131.99,[0.10496527],-0.019602943,Trade open
2967,96655.49,[0.10139712],-0.012613796,Trade open
2968,97344.54,[0.11022137],-0.011098178,Trade open
2969,97493.96,[0.12261758],-0.015265533,Trade open
2970,97083.11,[0.1146237],-0.01099635,Trade open
2971,97504.0,[0.12148163],-0.01075323,Trade open
2972,97527.97,[0.12579904],-0.010265722,Trade open
2973,97576.03,[0.12129117],-0.013146711,Trade open
2974,97292.0,[0.11953288],-0.011516586,Trade open
2975,97452.71,[0.12019901],-0.0100704655,Trade open
2976,97595.28,[0.12393096],-0.010712261,Trade closed
2977,97532.01,[0.12954263],0.0,Trade initiated
2978,97532.01,[0.12424439],-0.0013534018,Trade open
2979,97400.01,[0.12273918],-0.006101042,Trade open
2980,96936.96,[0.1092833],-0.0026963104,Trade open
2981,97269.03,[0.11587542],0.0030180798,Trade open
2982,97826.37,[0.13131325],-0.00077001966,Trade open
2983,97456.91,[0.12997991],-0.002770004,Trade open
2984,97261.84,[0.12655447],-0.0065620285,Trade open
2985,96892.0,[0.11214071],-0.0033088496,Trade open
2986,97209.29,[0.12011375],-0.003942776,Trade open
2987,97147.46,[0.12532978],-0.003902485,Trade open
2988,97151.39,[0.1250634],-0.002460891,Trade open
2989,97291.99,[0.1274543],-0.0033220665,Trade open
2990,97208.0,[0.12779777],-0.0028605994,Trade open
2991,97253.01,[0.13055845],-0.0021115665,Trade open
2992,97326.06,[0.1312233],-0.004839437,Trade open
2993,97060.01,[0.12074282],-0.0056598405,Trade open
2994,96979.99,[0.11885141],-0.008325633,Trade open
2995,96719.99,[0.10852277],-0.0038102076,Trade open
2996,97160.39,[0.1267653],-0.005512453,Trade open
2997,96994.37,[0.12552059],-0.0068752267,Trade closed
2998,96861.45,[0.12494217],0.0,Trade initiated
2999,96861.45,[0.12142321],-0.008108957,Trade open
3000,96076.01,[0.10447027],-0.005898567,Trade open
3001,96290.11,[0.10466141],-0.0072811795,Trade open
3002,96156.19,[0.10687669],-0.0031683464,Trade open
3003,96554.56,[0.12290095],-0.0012539657,Trade open
3004,96739.99,[0.12640232],-0.0033600666,Trade open
3005,96535.99,[0.12487443],-0.0067231175,Trade open
3006,96210.24,[0.11687372],-0.0029882404,Trade open
3007,96572.01,[0.12594065],-0.003375472,Trade open
3008,96534.5,[0.12604403],-0.001538199,Trade open
3009,96712.46,[0.12965256],0.0008137428,Trade open
3010,96940.27,[0.1276849],0.0028977438,Trade open
3011,97142.13,[0.12919402],0.0015236002,Trade open
3012,97009.03,[0.12820247],0.004097186,Trade open
3013,97258.31,[0.13059466],0.0024759914,Trade open
3014,97101.28,[0.12723233],0.002769984,Trade open
3015,97129.76,[0.13280815],0.0013024402,Trade open
3016,96987.61,[0.12889893],0.0037159228,Trade open
3017,97221.38,[0.1338428],0.0011825847,Trade open
3018,96976.0,[0.1325567],-0.0104628345,Trade closed
3019,95848.01,[0.10920531],0.0,Trade initiated
3020,95848.01,[0.10391954],-0.005055612,Trade open
3021,95363.44,[0.09814378],-0.0052136583,Trade open
3022,95348.29,[0.09773522],-0.004906613,Trade open
3023,95377.72,[0.09920894],-0.0019966508,Trade open
3024,95656.63,[0.11044332],-0.001386717,Trade open
3025,95715.09,[0.11613949],-0.0032536865,Trade open
3026,95536.15,[0.11326331],-0.002460357,Trade open
3027,95612.19,[0.11596736],0.0035151683,Trade open
3028,96184.93,[0.12813269],0.0011185516,Trade open
3029,95955.22,[0.12611105],-0.001523245,Trade open
3030,95702.01,[0.12245539],-0.010552759,Trade open
3031,94836.55,[0.10484941],-0.008847341,Trade open
3032,95000.01,[0.10673636],-0.0026658417,Trade open
3033,95592.49,[0.12548499],-0.0037716778,Trade open
3034,95486.5,[0.12442557],-0.0067283446,Trade open
3035,95203.11,[0.12085383],-0.009243883,Trade open
3036,94962.0,[0.11011249],-0.0031362318,Trade open
3037,95547.41,[0.12715761],-0.00469477,Trade open
3038,95398.02,[0.12583992],-0.006903997,Trade open
3039,95186.27,[0.12310142],-0.01192513,Trade closed
3040,94705.01,[0.1175257],0.0,Trade initiated
3041,94705.01,[0.11388797],-0.003317291,Trade open
3042,94390.84,[0.10791363],-0.004472523,Trade open
3043,94281.44,[0.10343195],-0.0026927365,Trade open
3044,94449.99,[0.11656678],-0.007074352,Trade open
3045,94035.03,[0.10815366],0.00020012801,Trade open
3046,94723.96,[0.12274012],0.008816769,Trade open
3047,95540.0,[0.13357021],0.013939502,Trade open
3048,96025.15,[0.13262513],0.014633846,Trade open
3049,96090.91,[0.13158348],0.011900357,Trade open
3050,95832.03,[0.13140562],0.010649021,Trade open
3051,95713.52,[0.13230494],0.009535036,Trade open
3052,95608.02,[0.1315432],0.007000521,Trade open
3053,95367.99,[0.1291621],0.0012651951,Trade open
3054,94824.83,[0.12293851],0.0069584493,Trade open
3055,95364.01,[0.12753163],0.0073808134,Trade open
3056,95404.01,[0.12878574],0.0042077205,Trade open
3057,95103.5,[0.12696798],0.008435239,Trade open
3058,95503.87,[0.12863457],0.012575728,Trade open
3059,95895.99,[0.13298507],0.013818814,Trade open
3060,96013.72,[0.13449533],0.015324642,Trade closed
3061,96156.33,[0.13327295],0.0,Trade initiated
3062,96156.33,[0.1322689],0.0024549866,Trade open
3063,96392.39,[0.13308533],-0.0019596994,Trade open
3064,95967.89,[0.128805],-0.0023285649,Trade open
3065,95932.42,[0.12879162],0.0010676787,Trade open
3066,96258.99,[0.1283943],0.0015461476,Trade open
3067,96305.0,[0.12894697],-0.003755197,Trade open
3068,95795.24,[0.13079794],-0.012812307,Trade open
3069,94924.34,[0.11319426],-0.0065995236,Trade open
3070,95521.74,[0.12299548],-0.01837275,Trade open
3071,94389.67,[0.10426482],-0.02833017,Trade open
3072,93432.2,[0.09975436],-0.030221215,Trade open
3073,93250.37,[0.09867079],-0.028258832,Trade open
3074,93439.06,[0.10264303],-0.022626892,Trade open
3075,93980.61,[0.12095822],-0.024617301,Trade open
3076,93789.22,[0.11988732],-0.02903678,Trade open
3077,93364.26,[0.11684087],-0.030120304,Trade open
3078,93260.07,[0.11677002],-0.035336014,Trade open
3079,92758.55,[0.11076511],-0.028246403,Trade open
3080,93440.26,[0.12213583],-0.03235917,Trade open
3081,93044.79,[0.11990117],-0.033412956,Trade closed
3082,92943.46,[0.11922155],0.0,Trade initiated
3083,92943.46,[0.11780815],0.0026132318,Trade open
3084,93186.34,[0.12014588],0.0121467495,Trade open
3085,94072.42,[0.12849665],0.010980298,Trade open
3086,93964.01,[0.12674047],0.021564102,Trade open
3087,94947.7,[0.13113032],0.02419053,Trade open
3088,95191.81,[0.1354095],0.023430912,Trade open
3089,95121.21,[0.13508254],0.02085147,Trade open
3090,94881.47,[0.12821276],0.015736802,Trade open
3091,94406.09,[0.13078603],0.017287476,Trade open
3092,94550.22,[0.13169028],0.016439347,Trade open
3093,94471.39,[0.13152279],0.012695555,Trade open
3094,94123.43,[0.12905046],0.009401045,Trade open
3095,93817.23,[0.12295911],0.010952812,Trade open
3096,93961.45,[0.12508675],0.013131724,Trade open
3097,94163.97,[0.12585884],0.015119827,Trade open
3098,94348.75,[0.12907302],0.015272726,Trade open
3099,94362.96,[0.12891978],0.015803542,Trade open
3100,94412.3,[0.12880288],0.01740112,Trade open
3101,94560.78,[0.13242236],0.017888311,Trade open
3102,94606.06,[0.13286279],0.015757227,Trade closed
3103,94407.99,[0.1311395],0.0,Trade initiated
3104,94407.99,[0.12963583],-0.0051796464,Trade open
3105,93918.99,[0.11755647],-0.0028502452,Trade open
3106,94138.91,[0.12172712],-0.0018515878,Trade open
3107,94233.19,[0.12772654],0.00013968626,Trade open
3108,94421.18,[0.13124286],0.00092980743,Trade open
3109,94495.77,[0.13208325],-0.0026267308,Trade open
3110,94160.01,[0.12661718],-0.0036012244,Trade open
3111,94068.01,[0.12283228],-0.005393727,Trade open
3112,93898.78,[0.1174095],-0.004618088,Trade open
3113,93972.01,[0.12018634],-0.00047003437,Trade open
3114,94363.62,[0.13098659],-9.946854e-05,Trade open
3115,94398.6,[0.13118848],-0.0014979863,Trade open
3116,94266.57,[0.13064222],-0.001098126,Trade open
3117,94304.32,[0.1310505],0.0038070302,Trade open
3118,94767.41,[0.13581511],0.017763657,Trade open
3119,96085.02,[0.14861497],0.02569557,Trade open
3120,96833.86,[0.14821693],0.03238148,Trade open
3121,97465.06,[0.14431374],0.03319717,Trade open
3122,97542.07,[0.139044],0.041225407,Trade open
3123,98300.0,[0.1337069],0.043270882,Trade closed
3124,98493.11,[0.13620184],0.0,Trade initiated
3125,98493.11,[0.13058725],3.1648786e-05,Trade open
3126,98496.23,[0.1271042],0.0022438117,Trade open
3127,98714.11,[0.12500809],0.003090159,Trade open
3128,98797.47,[0.12495352],-0.00036225567,Trade open
3129,98457.43,[0.12393925],0.0012746768,Trade open
3130,98618.66,[0.12319264],-0.0029394506,Trade open
3131,98203.59,[0.12525533],-0.00925969,Trade open
3132,97581.09,[0.12719578],-0.0068555716,Trade open
3133,97817.88,[0.12978624],-0.01213386,Trade open
3134,97298.01,[0.12975289],-0.003701877,Trade open
3135,98128.5,[0.1317109],-0.0009660416,Trade open
3136,98397.96,[0.13140868],0.0013045805,Trade open
3137,98621.6,[0.13167262],0.0028834504,Trade open
3138,98777.11,[0.13154279],0.0025065998,Trade open
3139,98739.99,[0.13289131],0.0017307682,Trade open
3140,98663.58,[0.13142048],0.00021741686,Trade open
3141,98514.52,[0.1319273],-0.00075830176,Trade open
3142,98418.42,[0.13229886],-0.0032706128,Trade open
3143,98170.98,[0.13138425],-0.0051773135,Trade open
3144,97983.18,[0.13299282],-0.0048060943,Trade closed
3145,98019.74,[0.13287494],0.0,Trade initiated
3146,98019.74,[0.1323709],0.0011357724,Trade open
3147,98131.07,[0.13425966],0.0018692025,Trade open
3148,98202.96,[0.13468866],9.931035e-05,Trade open
3149,98029.48,[0.13113956],0.0015071103,Trade open
3150,98167.47,[0.1320662],0.0022063476,Trade open
3151,98236.01,[0.1327601],0.0023621677,Trade open
3152,98251.28,[0.13268404],0.0026478244,Trade open
3153,98279.28,[0.1316381],-0.00035794766,Trade open
3154,97984.66,[0.12856388],-0.00138094,Trade open
3155,97884.38,[0.12346622],0.00069700566,Trade open
3156,98088.06,[0.13107413],0.00065890746,Trade open
3157,98084.33,[0.13081585],0.0023659137,Trade open
3158,98251.65,[0.13159715],0.0005097825,Trade open
3159,98069.71,[0.12889534],0.0017451044,Trade open
3160,98190.8,[0.1306798],0.0017322722,Trade open
3161,98189.54,[0.12815347],0.009092317,Trade open
3162,98910.97,[0.14483534],0.004460916,Trade open
3163,98457.0,[0.13345514],0.008279821,Trade open
3164,98831.33,[0.13580705],-0.0011439819,Trade open
3165,97907.61,[0.12684901],0.0013540799,Trade closed
3166,98152.47,[0.1312744],0.0,Trade initiated
3167,98152.47,[0.12693425],0.00024006018,Trade open
3168,98176.03,[0.12778988],0.0017069266,Trade open
3169,98320.01,[0.12763754],0.0031593067,Trade open
3170,98462.56,[0.12754643],0.004350932,Trade open
3171,98579.52,[0.1276551],0.005680257,Trade open
3172,98710.0,[0.13028921],0.0016118896,Trade open
3173,98310.68,[0.13202769],0.0037442544,Trade open
3174,98519.98,[0.13365306],0.002703065,Trade open
3175,98417.78,[0.1326714],0.0027817849,Trade open
3176,98425.51,[0.13013248],0.0035407285,Trade open
3177,98500.0,[0.13303146],0.004262262,Trade open
3178,98570.82,[0.13410895],0.00811405,Trade open
3179,98948.88,[0.13776742],0.006151542,Trade open
3180,98756.26,[0.13258319],0.008086749,Trade open
3181,98946.2,[0.13718428],0.008823565,Trade open
3182,99018.52,[0.13737617],0.01209526,Trade open
3183,99339.65,[0.13988309],0.010108237,Trade open
3184,99144.62,[0.13193974],0.0052771852,Trade open
3185,98670.44,[0.1314619],0.0036055194,Trade open
3186,98506.36,[0.1262355],0.005975716,Trade closed
3187,98739.0,[0.13264133],0.0,Trade initiated
3188,98739.0,[0.12897088],0.0007307776,Trade open
3189,98811.16,[0.12899773],0.004036684,Trade open
3190,99137.58,[0.1291146],0.0069942125,Trade open
3191,99429.6,[0.13403513],0.005851047,Trade open
3192,99316.73,[0.13632824],0.0029335546,Trade open
3193,99028.66,[0.12736437],0.0005823434,Trade open
3194,98796.5,[0.12900732],0.003220691,Trade open
3195,99057.01,[0.13154778],0.0038080981,Trade open
3196,99115.01,[0.13247111],0.000114886214,Trade open
3197,98750.34,[0.12610964],0.0009164787,Trade open
3198,98829.49,[0.12706682],0.0025944347,Trade open
3199,98995.17,[0.12995426],-0.0019922315,Trade open
3200,98542.29,[0.12372164],-0.004446065,Trade open
3201,98300.0,[0.11506044],-0.0047261594,Trade open
3202,98272.34,[0.11386077],-0.0036864076,Trade open
3203,98375.01,[0.12032275],-0.0054708626,Trade open
3204,98198.81,[0.11621292],-0.0062568677,Trade open
3205,98121.2,[0.11272534],-0.007043585,Trade open
3206,98043.52,[0.11013544],-0.010320216,Trade open
3207,97719.99,[0.10322008],-0.025906209,Trade closed
3208,96181.05,[0.09837535],0.0,Trade initiated
3209,96181.05,[0.09856491],-0.0031449478,Trade open
3210,95878.56,[0.10064878],-0.005417274,Trade open
3211,95660.01,[0.09947573],-0.0077125058,Trade open
3212,95439.25,[0.10103304],-0.0069608307,Trade open
3213,95511.55,[0.1033072],-0.0070806406,Trade open
3214,95500.02,[0.10650419],-0.0034013004,Trade open
3215,95853.91,[0.1097445],-0.0050450102,Trade open
3216,95695.81,[0.10967481],-0.0037996375,Trade open
3217,95815.59,[0.11182997],-0.0052020224,Trade open
3218,95680.71,[0.11110854],-0.008080464,Trade open
3219,95403.86,[0.10900299],-0.0049553355,Trade open
3220,95704.44,[0.11515144],-0.003997344,Trade open
3221,95796.58,[0.11798283],-0.007607398,Trade open
3222,95449.36,[0.11297191],-0.0005397536,Trade open
3223,96129.13,[0.12737997],-0.0014364999,Trade open
3224,96042.88,[0.1255942],-0.002702098,Trade open
3225,95921.16,[0.12593046],0.003518592,Trade open
3226,96519.47,[0.12370039],-0.0024312872,Trade open
3227,95947.2,[0.1258614],-0.0037093945,Trade open
3228,95824.27,[0.123255],-0.0027605817,Trade closed
3229,95915.53,[0.12422882],0.0,Trade initiated
3230,95915.53,[0.12349084],-0.0017942219,Trade open
3231,95743.44,[0.12180594],-0.00379525,Trade open
3232,95551.51,[0.11865517],0.0019466998,Trade open
3233,96102.25,[0.12792219],-0.0038925852,Trade open
3234,95542.17,[0.12079108],-0.0033980908,Trade open
3235,95589.6,[0.11973292],-0.0017586275,Trade open
3236,95746.85,[0.12215757],-0.0010728027,Trade open
3237,95812.63,[0.1253431],-0.0015574413,Trade open
3238,95766.15,[0.12521033],-0.0009759564,Trade open
3239,95821.92,[0.12758374],-0.002497396,Trade open
3240,95675.99,[0.12287024],-0.0012920711,Trade open
3241,95791.6,[0.12596884],-0.0021139206,Trade open
3242,95712.77,[0.12371776],-0.0012612009,Trade open
3243,95794.56,[0.1251606],-0.0024285691,Trade open
3244,95682.59,[0.12623303],1.563876e-05,Trade open
3245,95917.03,[0.12712404],0.0055021555,Trade open
3246,96443.27,[0.13647959],0.0016498078,Trade open
3247,96073.77,[0.1292042],0.0033300784,Trade open
3248,96234.94,[0.1306666],0.00523703,Trade open
3249,96417.84,[0.13131374],0.00479328,Trade closed
3250,96375.28,[0.13052908],0.0,Trade initiated
3251,96375.28,[0.13129818],-0.00078112615,Trade open
3252,96300.0,[0.12801486],-0.0036724114,Trade open
3253,96021.35,[0.1314049],-0.0014152034,Trade open
3254,96238.89,[0.13267536],-0.00033349448,Trade open
3255,96343.14,[0.13177513],0.00227107,Trade open
3256,96594.16,[0.13074347],-0.008566853,Trade open
3257,95549.65,[0.11606523],-0.013183084,Trade open
3258,95104.76,[0.09973703],-0.003062491,Trade open
3259,96080.13,[0.12650275],-0.006757519,Trade open
3260,95724.02,[0.12607603],0.0051202024,Trade open
3261,96868.74,[0.13219716],0.0041385256,Trade open
3262,96774.13,[0.1318503],0.0021796306,Trade open
3263,96585.34,[0.12956609],0.0023883686,Trade open
3264,96605.46,[0.13309593],0.0019314956,Trade open
3265,96561.43,[0.13297233],0.005988066,Trade open
3266,96952.38,[0.1319604],0.00371651,Trade open
3267,96733.46,[0.12960117],0.0032318323,Trade open
3268,96686.75,[0.129968],0.0004972424,Trade open
3269,96423.2,[0.13152233],0.0003394121,Trade open
3270,96407.99,[0.1314348],-0.0002830731,Trade closed
3271,96348.0,[0.13176],0.0,Trade initiated
3272,96348.0,[0.1284608],-0.006808733,Trade open
3273,95691.99,[0.10647392],-0.017312,Trade open
3274,94680.02,[0.09948471],-0.018415017,Trade open
3275,94573.75,[0.09900305],-0.017520066,Trade open
3276,94659.98,[0.10032791],-0.022647882,Trade open
3277,94165.92,[0.09990793],-0.026794959,Trade open
3278,93766.36,[0.09855977],-0.02134661,Trade open
3279,94291.3,[0.10924379],-0.018423125,Trade open
3280,94572.97,[0.12057568],-0.018494805,Trade open
3281,94566.06,[0.12124177],-0.020894067,Trade open
3282,94334.9,[0.11856544],-0.01658571,Trade open
3283,94750.0,[0.12454845],-0.018535186,Trade open
3284,94562.17,[0.12260707],-0.0182659,Trade open
3285,94588.12,[0.12298982],-0.017130123,Trade open
3286,94697.55,[0.12471911],-0.018909886,Trade open
3287,94526.07,[0.12385499],-0.0191782,Trade open
3288,94500.22,[0.12423068],-0.019826567,Trade open
3289,94437.75,[0.12382716],-0.020563236,Trade open
3290,94366.77,[0.12022384],-0.021266334,Trade open
3291,94299.03,[0.11592532],-0.019607957,Trade closed
3292,94458.81,[0.1245055],0.0,Trade initiated
3293,94458.81,[0.12162358],-0.00063585915,Trade open
3294,94398.75,[0.11863036],-0.0020840764,Trade open
3295,94261.95,[0.11005293],0.0010387298,Trade open
3296,94556.93,[0.12651451],0.0007014466,Trade open
3297,94525.07,[0.12555523],-0.0012789966,Trade open
3298,94338.0,[0.11888894],0.0015831967,Trade open
3299,94608.36,[0.12432973],0.0014407735,Trade open
3300,94594.91,[0.1272453],0.001585347,Trade open
3301,94608.56,[0.12724012],0.0006901156,Trade open
3302,94524.0,[0.12634993],0.0024009307,Trade open
3303,94685.6,[0.13097566],0.0017661467,Trade open
3304,94625.64,[0.12893029],0.0008436217,Trade open
3305,94538.5,[0.13001582],8.130197e-05,Trade open
3306,94466.49,[0.12491898],0.0010288049,Trade open
3307,94555.99,[0.12964484],-0.00081326783,Trade open
3308,94381.99,[0.11909384],-0.0005312335,Trade open
3309,94408.63,[0.11886001],0.00030907983,Trade open
3310,94488.01,[0.12490849],0.0014739394,Trade open
3311,94598.04,[0.13012184],0.001381141,Trade open
3312,94589.27,[0.12970953],0.0024451795,Trade closed
3313,94689.78,[0.12707739],0.0,Trade initiated
3314,94689.78,[0.13110133],-0.00073702843,Trade open
3315,94619.99,[0.1304502],0.00052993774,Trade open
3316,94739.96,[0.13249438],0.00068694714,Trade open
3317,94754.83,[0.12953246],-0.0004202044,Trade open
3318,94649.99,[0.12738658],-0.0009526998,Trade open
3319,94599.57,[0.12943487],8.580651e-06,Trade open
3320,94690.59,[0.132298],-0.0002518091,Trade open
3321,94665.94,[0.13094215],0.0022200786,Trade open
3322,94900.0,[0.13945602],-0.0011172174,Trade open
3323,94583.99,[0.12487113],0.00019842756,Trade open
3324,94708.57,[0.12637635],-0.002560912,Trade open
3325,94447.29,[0.11774392],-0.0010902378,Trade open
3326,94586.55,[0.12159724],0.0019549034,Trade open
3327,94874.89,[0.12876627],0.0044242335,Trade open
3328,95108.71,[0.14014833],0.0035145192,Trade open
3329,95022.57,[0.1351875],0.0030778137,Trade open
3330,94981.22,[0.13044134],0.0015580483,Trade open
3331,94837.31,[0.1278445],0.0034874573,Trade open
3332,95020.01,[0.12818652],0.0035693035,Trade open
3333,95027.76,[0.12840648],0.0020371622,Trade closed
3334,94882.68,[0.13274555],0.0,Trade initiated
3335,94882.68,[0.12930351],0.0021117362,Trade open
3336,95083.05,[0.1292143],0.0015512578,Trade open
3337,95029.87,[0.12842013],0.0030457843,Trade open
3338,95171.67,[0.12983929],0.003834505,Trade open
3339,95246.51,[0.13392085],0.004676499,Trade open
3340,95326.4,[0.13811211],0.0046713115,Trade open
3341,95325.91,[0.1341825],0.004398277,Trade open
3342,95300.0,[0.13171634],0.002712972,Trade open
3343,95140.09,[0.1247235],0.002801486,Trade open
3344,95148.49,[0.12514888],0.0013259796,Trade open
3345,95008.49,[0.12769948],-0.00026381263,Trade open
3346,94857.65,[0.11948621],0.0025007033,Trade open
3347,95119.95,[0.12927882],0.0028648044,Trade open
3348,95154.5,[0.1280183],0.002543437,Trade open
3349,95124.01,[0.13038284],0.0030534419,Trade open
3350,95172.4,[0.12977791],0.0027733261,Trade open
3351,95145.82,[0.12774041],0.0025685504,Trade open
3352,95126.39,[0.12968971],0.0030080734,Trade open
3353,95168.09,[0.1293847],0.0024895053,Trade open
3354,95118.89,[0.12915058],0.0029772788,Trade closed
3355,95165.17,[0.13309847],0.0,Trade initiated
3356,95165.17,[0.1310682],0.00017371113,Trade open
3357,95181.7,[0.13406266],-0.00048657178,Trade open
3358,95118.87,[0.12967624],0.0011229654,Trade open
3359,95272.04,[0.13507666],-0.00035218374,Trade open
3360,95131.66,[0.12828316],-0.00043969604,Trade open
3361,95123.33,[0.12843154],0.00019210021,Trade open
3362,95183.45,[0.13156182],0.000266067,Trade open
3363,95190.49,[0.1320234],-0.0005797486,Trade open
3364,95110.0,[0.1265867],2.7911998e-05,Trade open
3365,95167.83,[0.12748237],-0.0003708191,Trade open
3366,95129.88,[0.12704335],-0.0013933834,Trade open
3367,95032.57,[0.11785479],-0.0017356337,Trade open
3368,95000.0,[0.11679655],-0.0027035233,Trade open
3369,94907.89,[0.10602891],-0.0030333772,Trade open
3370,94876.5,[0.10384239],-0.0024900786,Trade open
3371,94928.2,[0.10752595],-0.0053371843,Trade open
3372,94657.26,[0.10038238],-0.0056901067,Trade open
3373,94623.67,[0.09643916],-0.005410166,Trade open
3374,94650.31,[0.1019481],-0.0068728365,Trade open
3375,94511.12,[0.09916645],-0.012453758,Trade closed
3376,93980.01,[0.09466618],0.0,Trade initiated
3377,93980.01,[0.09517355],-0.0008512449,Trade open
3378,93900.01,[0.09590407],-0.0012229994,Trade open
3379,93865.07,[0.09412931],-0.00037241963,Trade open
3380,93945.01,[0.09481724],-0.0022510604,Trade open
3381,93768.45,[0.09446915],-0.0034901872,Trade open
3382,93652.0,[0.09496568],-0.0026996266,Trade open
3383,93726.3,[0.09864125],-0.003906333,Trade open
3384,93612.89,[0.09679353],-0.005121269,Trade open
3385,93498.71,[0.09633723],-0.0012924125,Trade open
3386,93858.55,[0.11164236],-0.0011465205,Trade open
3387,93872.26,[0.11470658],-0.0066754557,Trade open
3388,93352.65,[0.09829833],-0.007129176,Trade open
3389,93310.01,[0.09640459],-0.008987949,Trade open
3390,93135.32,[0.10170428],-0.0051017334,Trade open
3391,93500.55,[0.11369213],-0.0025729374,Trade open
3392,93738.2,[0.12689559],-0.0032807842,Trade open
3393,93671.68,[0.12563327],-0.004214161,Trade open
3394,93583.96,[0.12248313],-0.0012568331,Trade open
3395,93861.89,[0.12696263],-0.00033609208,Trade open
3396,93948.42,[0.12590556],-0.004767054,Trade closed
3397,93532.0,[0.12450156],0.0,Trade initiated
3398,93532.0,[0.12090052],0.004002975,Trade open
3399,93906.41,[0.12454382],0.0038341656,Trade open
3400,93890.62,[0.1261887],0.0020389913,Trade open
3401,93722.71,[0.12452199],0.0002563461,Trade open
3402,93555.98,[0.12731725],-0.0026915087,Trade open
3403,93280.26,[0.11542414],-0.0030155121,Trade open
3404,93249.95,[0.11297569],0.00052956474,Trade open
3405,93581.53,[0.1238741],0.0037868056,Trade open
3406,93886.19,[0.1261033],0.0039482643,Trade open
3407,93901.29,[0.1260095],0.0001572824,Trade open
3408,93546.71,[0.12781757],0.0021345469,Trade open
3409,93731.65,[0.12807095],0.0032470506,Trade open
3410,93835.7,[0.13100441],0.0034117668,Trade open
3411,93851.11,[0.13051754],0.00396071,Trade open
3412,93902.45,[0.13179894],0.0038527087,Trade open
3413,93892.35,[0.1305387],0.0041482295,Trade open
3414,93919.99,[0.1301239],0.0027934122,Trade open
3415,93793.27,[0.13196848],0.0037310927,Trade open
3416,93880.98,[0.12750155],0.0041818907,Trade open
3417,93923.14,[0.1271584],0.006300651,Trade closed
3418,94121.31,[0.12677631],0.0,Trade initiated
3419,94121.31,[0.13409477],-0.003937737,Trade open
3420,93750.69,[0.13059951],-0.008795414,Trade open
3421,93293.48,[0.10536301],-0.015307788,Trade open
3422,92680.52,[0.1012774],-0.010851271,Trade open
3423,93099.98,[0.10513026],-0.023770602,Trade open
3424,91883.99,[0.09686641],-0.025845965,Trade open
3425,91688.66,[0.09700979],-0.02115463,Trade open
3426,92130.21,[0.10439086],-0.02259808,Trade open
3427,91994.35,[0.10507166],-0.021256726,Trade open
3428,92120.6,[0.10933299],-0.016821709,Trade open
3429,92538.03,[0.12370929],-0.003065027,Trade open
3430,93832.83,[0.12841856],0.0024083778,Trade open
3431,94347.99,[0.13150425],0.0049157804,Trade open
3432,94583.99,[0.13477586],0.00023697807,Trade open
3433,94143.62,[0.12960282],0.0031419725,Trade open
3434,94417.04,[0.13098483],0.0054352228,Trade open
3435,94632.88,[0.13239674],0.0023106814,Trade open
3436,94338.8,[0.12841167],-0.0020434898,Trade open
3437,93928.98,[0.12932679],-0.0217306,Trade open
3438,92076.0,[0.11152069],-0.016194941,Trade closed
3439,92597.02,[0.12392341],0.0,Trade initiated
3440,92597.02,[0.11607913],0.0020273498,Trade open
3441,92784.75,[0.12295242],0.00094208616,Trade open
3442,92684.26,[0.11992853],0.0021061522,Trade open
3443,92792.05,[0.12309511],-0.00035351433,Trade open
3444,92564.29,[0.12024558],-0.0015877772,Trade open
3445,92450.0,[0.11835366],-0.0048735198,Trade open
3446,92145.75,[0.11298838],-0.0017436104,Trade open
3447,92435.57,[0.11732925],-3.2060966e-06,Trade open
3448,92596.73,[0.12197933],-0.0013031939,Trade open
3449,92476.35,[0.12421628],-0.00045079406,Trade open
3450,92555.28,[0.12141704],-0.00094419543,Trade open
3451,92509.59,[0.12130965],0.00012461591,Trade open
3452,92608.56,[0.12596115],-0.0016093762,Trade open
3453,92448.0,[0.12434386],4.4463497e-05,Trade open
3454,92601.14,[0.12567493],-1.0208886e-05,Trade open
3455,92596.08,[0.12520662],0.0023326883,Trade open
3456,92813.02,[0.12918593],0.0023648336,Trade open
3457,92816.0,[0.13119529],0.0028039003,Trade open
3458,92856.66,[0.12952986],0.0028481106,Trade open
3459,92860.75,[0.13053127],0.016202852,Trade closed
3460,94097.36,[0.14348911],0.0,Trade initiated
3461,94097.36,[0.1459693],-0.0017426267,Trade open
3462,93933.38,[0.14132427],-0.0013747397,Trade open
3463,93968.0,[0.13668285],-0.0007808568,Trade open
3464,94023.88,[0.13468885],-0.000800866,Trade open
3465,94022.0,[0.13316214],0.00017352373,Trade open
3466,94113.69,[0.13469693],-0.0003374995,Trade open
3467,94065.6,[0.13334724],0.0014380884,Trade open
3468,94232.68,[0.13471013],0.007498633,Trade open
3469,94802.96,[0.13801132],0.004702493,Trade open
3470,94539.85,[0.13632908],0.01749933,Trade open
3471,95744.0,[0.14116241],0.015832089,Trade open
3472,95587.12,[0.14046839],0.018607723,Trade open
3473,95848.3,[0.13738242],0.016810382,Trade open
3474,95679.17,[0.13383837],0.01571137,Trade open
3475,95575.76,[0.1328963],0.013971068,Trade open
3476,95412.0,[0.13315429],0.00913864,Trade open
3477,94957.28,[0.1312483],0.008194305,Trade open
3478,94868.42,[0.13400853],0.0046836464,Trade open
3479,94538.08,[0.13088472],0.00025057158,Trade open
3480,94120.94,[0.11604276],-0.001252775,Trade closed
3481,93979.48,[0.12163296],0.0,Trade initiated
3482,93979.48,[0.11458412],-0.0011044632,Trade open
3483,93875.68,[0.11211567],-0.000524965,Trade open
3484,93930.14,[0.11554892],0.0019941188,Trade open
3485,94166.88,[0.12021054],0.0011909183,Trade open
3486,94091.4,[0.12122725],-0.004420513,Trade open
3487,93564.04,[0.10878202],-0.0039330395,Trade open
3488,93609.85,[0.10980888],-0.0008490883,Trade open
3489,93899.68,[0.12208816],-0.0027372998,Trade open
3490,93722.23,[0.11818913],-0.0052206377,Trade open
3491,93488.84,[0.11007274],-0.0026434462,Trade open
3492,93731.05,[0.11615855],-0.004293241,Trade open
3493,93576.0,[0.11376055],-0.0023151664,Trade open
3494,93761.9,[0.1254131],0.0044867676,Trade open
3495,94401.14,[0.13014829],-0.0016345823,Trade open
3496,93825.86,[0.12547988],-0.003955485,Trade open
3497,93607.74,[0.12618397],-0.0025213284,Trade open
3498,93742.52,[0.12757279],0.0012708061,Trade open
3499,94098.91,[0.12728417],-0.0015810466,Trade open
3500,93830.89,[0.1258135],-0.0015049828,Trade open
3501,93838.04,[0.12791121],-0.002568463,Trade closed
3502,93738.09,[0.12935661],0.0,Trade initiated
3503,93738.09,[0.12699103],-0.0019649162,Trade open
3504,93553.91,[0.12236404],0.0016391248,Trade open
3505,93891.74,[0.1293114],0.00057532307,Trade open
3506,93792.02,[0.12907477],-0.0008917799,Trade open
3507,93654.5,[0.1249253],0.00020785973,Trade open
3508,93757.58,[0.12563764],0.0005113983,Trade open
3509,93786.03,[0.12763113],-0.00057598983,Trade open
3510,93684.1,[0.12647219],-0.003431769,Trade open
3511,93416.41,[0.10921539],-0.0033031695,Trade open
3512,93428.46,[0.11008893],-0.006360141,Trade open
3513,93141.91,[0.10231134],-0.0034674404,Trade open
3514,93413.06,[0.11068519],-0.003497444,Trade open
3515,93410.25,[0.11627389],-0.004393808,Trade open
3516,93326.23,[0.11360581],-0.0026905916,Trade open
3517,93485.88,[0.11735661],-0.0031305642,Trade open
3518,93444.64,[0.12641372],0.0016025369,Trade open
3519,93888.31,[0.1327248],0.000881862,Trade open
3520,93820.76,[0.1319375],-9.384525e-05,Trade open
3521,93729.3,[0.13105106],0.0031328145,Trade open
3522,94031.76,[0.1333334],0.0019404965,Trade closed
3523,93919.99,[0.1284414],0.0,Trade initiated
3524,93919.99,[0.13189974],0.0027246429,Trade open
3525,94175.89,[0.13324839],0.0025607734,Trade open
3526,94160.5,[0.13236742],0.0054615135,Trade open
3527,94432.94,[0.13553445],0.0024487264,Trade open
3528,94149.98,[0.12932739],0.0018153749,Trade open
3529,94090.49,[0.1313307],0.00056555786,Trade open
3530,93973.11,[0.13227622],0.0023835115,Trade open
3531,94143.85,[0.13379155],0.003071098,Trade open
3532,94208.43,[0.13385554],0.00447264,Trade open
3533,94340.06,[0.13282076],0.0036413972,Trade open
3534,94261.99,[0.13158885],0.0075285155,Trade open
3535,94627.07,[0.13910657],0.008431129,Trade open
3536,94711.84,[0.14076963],0.009223109,Trade open
3537,94786.23,[0.13991079],0.011030499,Trade open
3538,94955.98,[0.14156663],0.011270065,Trade open
3539,94978.48,[0.13828851],0.008683005,Trade open
3540,94735.5,[0.13104163],0.009401453,Trade open
3541,94802.98,[0.13147947],0.0076415604,Trade open
3542,94637.69,[0.12888739],0.0071528633,Trade open
3543,94591.79,[0.12985063],0.010740192,Trade closed
3544,94928.71,[0.13683702],0.0,Trade initiated
3545,94928.71,[0.13018766],0.0021056097,Trade open
3546,95128.59,[0.13702035],0.0016052342,Trade open
3547,95081.09,[0.13927037],-0.00069517625,Trade open
3548,94862.72,[0.13013035],0.0010303785,Trade open
3549,95026.52,[0.13149971],0.0032197682,Trade open
3550,95234.36,[0.13497409],0.0015491889,Trade open
3551,95075.77,[0.13082479],0.0008597735,Trade open
3552,95010.33,[0.12840824],0.0025826946,Trade open
3553,95173.88,[0.13123266],0.008209944,Trade open
3554,95708.07,[0.14648372],0.008767434,Trade open
3555,95760.99,[0.14379607],0.0070343907,Trade open
3556,95596.48,[0.13877209],0.0055967164,Trade open
3557,95460.0,[0.13231102],0.0068080695,Trade open
3558,95574.99,[0.13231097],0.008897055,Trade open
3559,95773.3,[0.13665983],0.009410104,Trade open
3560,95822.0,[0.13706219],0.008350592,Trade open
3561,95721.42,[0.13375244],0.012865328,Trade open
3562,96150.0,[0.13821016],0.015430411,Trade open
3563,96393.5,[0.14137475],0.019243881,Trade open
3564,96755.51,[0.14259715],0.018637588,Trade closed
3565,96697.95,[0.14487721],0.0,Trade initiated
3566,96697.95,[0.14027482],0.00010389956,Trade open
3567,96708.0,[0.13748455],-0.0014663896,Trade open
3568,96556.16,[0.1354996],0.0003623558,Trade open
3569,96732.99,[0.13536136],0.0005870406,Trade open
3570,96754.72,[0.13464434],0.0015724706,Trade open
3571,96850.01,[0.13425563],0.000678902,Trade open
3572,96763.6,[0.13259058],-0.0024796932,Trade open
3573,96458.17,[0.13206135],-0.002307443,Trade open
3574,96474.83,[0.13380821],0.005776121,Trade open
3575,97256.49,[0.1363048],-0.0003216362,Trade open
3576,96666.85,[0.1301559],-0.0025124142,Trade open
3577,96455.01,[0.1304984],0.0071273,Trade open
3578,97387.15,[0.13799156],0.0054994863,Trade open
3579,97229.74,[0.14555477],0.0039964975,Trade open
3580,97084.41,[0.1367491],0.00061652996,Trade open
3581,96757.57,[0.13259801],0.0021204883,Trade open
3582,96903.0,[0.1340799],0.0064302194,Trade open
3583,97319.74,[0.1333824],0.0093285,Trade open
3584,97600.0,[0.13652721],0.0064095366,Trade open
3585,97317.74,[0.132246],0.0093285,Trade closed
3586,97600.0,[0.14087783],0.0,Trade initiated
3587,97600.0,[0.13443951],-0.0030075724,Trade open
3588,97306.46,[0.13011093],-0.0048721666,Trade open
3589,97124.48,[0.12978992],-0.003968446,Trade open
3590,97212.68,[0.13073975],-0.0073483926,Trade open
3591,96882.8,[0.12774728],-0.007059026,Trade open
3592,96911.04,[0.12732027],-0.006418737,Trade open
3593,96973.53,[0.12695771],-0.006303391,Trade open
3594,96984.79,[0.12870479],-0.005881948,Trade open
3595,97025.92,[0.1288764],-0.007932169,Trade open
3596,96825.82,[0.12510082],-0.0070992094,Trade open
3597,96907.12,[0.1249268],-0.0062964265,Trade open
3598,96985.47,[0.12780385],-0.0034938524,Trade open
3599,97259.0,[0.12979844],-0.0064871768,Trade open
3600,96966.85,[0.12855634],-0.006743004,Trade open
3601,96941.88,[0.12966202],-0.005509253,Trade open
3602,97062.3,[0.13246188],-0.006964572,Trade open
3603,96920.26,[0.1301822],-0.008059362,Trade open
3604,96813.41,[0.12119947],-0.009438957,Trade open
3605,96678.76,[0.11544859],-0.008551806,Trade open
3606,96765.34,[0.12136041],-0.00954918,Trade closed
3607,96668.0,[0.1266403],0.0,Trade initiated
3608,96668.0,[0.11957534],-0.0013293729,Trade open
3609,96539.49,[0.11681426],-0.0022337246,Trade open
3610,96452.07,[0.11163115],-0.0037654652,Trade open
3611,96304.0,[0.10514798],-0.003382631,Trade open
3612,96341.01,[0.11147072],-0.005565764,Trade open
3613,96129.97,[0.10336126],-0.0018221192,Trade open
3614,96491.86,[0.12362047],-0.0011759805,Trade open
3615,96554.32,[0.12895331],-0.0013551537,Trade open
3616,96537.0,[0.12748973],-0.0018565477,Trade open
3617,96488.53,[0.12762283],0.00084826414,Trade open
3618,96750.0,[0.12759568],0.00092665746,Trade open
3619,96757.58,[0.12748985],0.0023279581,Trade open
3620,96893.04,[0.12980655],-1.3900671e-05,Trade open
3621,96666.66,[0.12674725],-0.0013348685,Trade open
3622,96538.96,[0.12994255],-0.0016883657,Trade open
3623,96504.79,[0.12893148],0.004309612,Trade open
3624,97084.6,[0.13359901],0.0036000311,Trade open
3625,97016.01,[0.13298123],0.006163169,Trade open
3626,97263.78,[0.13747981],0.008827653,Trade open
3627,97521.35,[0.14184932],0.014461869,Trade closed
3628,98066.0,[0.14635955],0.0,Trade initiated
3629,98066.0,[0.14601493],-0.0020169772,Trade open
3630,97868.2,[0.13998677],0.0009995659,Trade open
3631,98164.02,[0.13888441],-0.00040788855,Trade open
3632,98026.0,[0.13586214],0.004239253,Trade open
3633,98481.73,[0.13710468],0.004710874,Trade open
3634,98527.98,[0.136497],0.0064431257,Trade open
3635,98697.85,[0.13585263],0.005363814,Trade open
3636,98592.01,[0.13394675],0.005629818,Trade open
3637,98618.09,[0.1356013],0.0025036552,Trade open
3638,98311.52,[0.13350834],0.0021258802,Trade open
3639,98274.48,[0.1325869],0.002107796,Trade open
3640,98272.7,[0.13225472],0.0040214467,Trade open
3641,98460.37,[0.13255943],0.0023491036,Trade open
3642,98296.37,[0.13150467],0.00035698217,Trade open
3643,98101.01,[0.13119502],0.0011031314,Trade open
3644,98174.18,[0.13202114],0.000285761,Trade open
3645,98094.02,[0.1296959],-0.0011827971,Trade open
3646,97950.01,[0.12294318],-0.0010793911,Trade open
3647,97960.15,[0.12392547],-0.00026512757,Trade open
3648,98040.0,[0.12850592],-0.0016858863,Trade closed
3649,97900.67,[0.13082992],0.0,Trade initiated
3650,97900.67,[0.12458144],0.0041249557,Trade open
3651,98304.51,[0.12918963],0.0019011616,Trade open
3652,98086.8,[0.12713827],0.0030574675,Trade open
3653,98200.0,[0.12787557],0.00049228786,Trade open
3654,97948.87,[0.12728502],0.0010247951,Trade open
3655,98001.0,[0.12627776],0.0024797136,Trade open
3656,98143.44,[0.12995458],0.002303754,Trade open
3657,98126.21,[0.1292902],0.0017604737,Trade open
3658,98073.02,[0.12967435],0.00231732,Trade open
3659,98127.54,[0.12753285],0.0029932284,Trade open
3660,98193.71,[0.1298717],0.00379171,Trade open
3661,98271.88,[0.13188106],0.0029129493,Trade open
3662,98185.85,[0.12774801],5.5141987e-05,Trade open
3663,97906.07,[0.12399951],-0.00027866254,Trade open
3664,97873.39,[0.11375555],-0.0021481435,Trade open
3665,97690.37,[0.10394458],-0.0016802745,Trade open
3666,97736.17,[0.10783128],-0.0011373933,Trade open
3667,97789.32,[0.12067246],-0.0014482153,Trade open
3668,97758.89,[0.11919447],-0.00011523159,Trade open
3669,97889.39,[0.12727264],0.00021673754,Trade closed
3670,97921.89,[0.13139881],0.0,Trade initiated
3671,97921.89,[0.1290668],-0.0003449018,Trade open
3672,97888.12,[0.12850451],-0.0007391893,Trade open
3673,97849.51,[0.1285485],0.00052241894,Trade open
3674,97973.05,[0.1291977],0.0007976702,Trade open
3675,98000.0,[0.12880261],0.0011554968,Trade open
3676,98035.04,[0.12668186],-0.0009173447,Trade open
3677,97832.06,[0.12654705],-0.0026955476,Trade open
3678,97657.94,[0.11119241],-0.0022341628,Trade open
3679,97703.12,[0.11923794],-0.0022190039,Trade open
3680,97704.6,[0.11501571],-0.0014460664,Trade open
3681,97780.29,[0.12499605],0.0009636986,Trade open
3682,98016.26,[0.13076894],0.001382639,Trade open
3683,98057.28,[0.13065892],0.00040513795,Trade open
3684,97961.56,[0.12930161],0.0025048663,Trade open
3685,98167.17,[0.13465564],0.0024955317,Trade open
3686,98166.26,[0.13330409],0.005458193,Trade open
3687,98456.37,[0.14077908],0.00691503,Trade open
3688,98599.02,[0.14295937],0.0062388694,Trade open
3689,98532.81,[0.13735998],0.004498882,Trade open
3690,98362.43,[0.12929371],0.0035345454,Trade closed
3691,98268.0,[0.13500644],0.0,Trade initiated
3692,98268.0,[0.12765433],0.0015188057,Trade open
3693,98417.25,[0.12821628],-0.0002849351,Trade open
3694,98240.0,[0.12938389],-0.00048337202,Trade open
3695,98220.5,[0.12905419],4.388509e-05,Trade open
3696,98272.31,[0.12764266],-0.0005553213,Trade open
3697,98213.43,[0.12792449],-0.00055349275,Trade open
3698,98213.61,[0.12885375],-0.0014701505,Trade open
3699,98123.53,[0.12310587],-0.0008769863,Trade open
3700,98181.82,[0.12681344],-0.00041237674,Trade open
3701,98227.48,[0.12830575],-0.0011803658,Trade open
3702,98152.01,[0.12579423],-0.0008144977,Trade open
3703,98187.96,[0.12652045],0.0022301893,Trade open
3704,98487.16,[0.13421881],0.00091037713,Trade open
3705,98357.46,[0.13107839],0.0016074504,Trade open
3706,98425.96,[0.13170949],0.0009258005,Trade open
3707,98358.98,[0.12906137],0.0010415553,Trade open
3708,98370.35,[0.12759282],0.0018670243,Trade open
3709,98451.47,[0.13096808],0.00073237217,Trade open
3710,98339.97,[0.12666982],7.870695e-06,Trade open
3711,98268.77,[0.12832265],-0.0037743563,Trade closed
3712,97897.1,[0.11304533],0.0,Trade initiated
3713,97897.1,[0.10531259],-0.0003683715,Trade open
3714,97861.04,[0.10412975],-0.0007944407,Trade open
3715,97819.33,[0.10412914],-0.0025015902,Trade open
3716,97652.2,[0.10062405],-0.0030345956,Trade open
3717,97600.02,[0.09996703],-0.0016305386,Trade open
3718,97737.48,[0.10801332],-0.0017347615,Trade open
3719,97727.27,[0.10992423],-0.002609564,Trade open
3720,97641.63,[0.10666445],-0.0018369096,Trade open
3721,97717.27,[0.11850353],-0.0012982382,Trade open
3722,97770.01,[0.1235918],0.0006966019,Trade open
3723,97965.3,[0.1307871],-0.0021159016,Trade open
3724,97689.96,[0.12191191],-0.004209857,Trade open
3725,97484.97,[0.10369048],-0.0004294209,Trade open
3726,97855.06,[0.12734336],0.000112362875,Trade open
3727,97908.1,[0.12899084],0.0013470777,Trade open
3728,98028.98,[0.13043313],0.0018922132,Trade open
3729,98082.34,[0.13113825],0.0014103616,Trade open
3730,98035.17,[0.13110663],0.00072413404,Trade open
3731,97967.99,[0.1306989],-0.0016958974,Trade open
3732,97731.08,[0.12512708],-0.0019428084,Trade closed
3733,97706.91,[0.12660575],0.0,Trade initiated
3734,97706.91,[0.120175],0.0021697546,Trade open
3735,97918.91,[0.13034944],0.0035751055,Trade open
3736,98056.22,[0.1312392],0.0038147413,Trade open
3737,98079.63,[0.13183819],0.007937882,Trade open
3738,98482.49,[0.14023098],0.00582154,Trade open
3739,98275.71,[0.13185367],0.0061070723,Trade open
3740,98303.61,[0.13143225],0.008081488,Trade open
3741,98496.52,[0.1341949],0.008630643,Trade open
3742,98550.18,[0.13338067],0.010114993,Trade open
3743,98695.21,[0.1357702],0.007862162,Trade open
3744,98475.09,[0.129607],0.0067211534,Trade open
3745,98363.61,[0.12714432],0.007888628,Trade open
3746,98477.68,[0.1271666],0.0052229706,Trade open
3747,98217.23,[0.12491292],0.00424044,Trade open
3748,98121.23,[0.12633856],0.010772252,Trade open
3749,98759.43,[0.13075565],0.010747465,Trade open
3750,98757.01,[0.13963053],0.011344995,Trade open
3751,98815.39,[0.1370226],0.014248609,Trade open
3752,99099.09,[0.13956489],0.013618936,Trade open
3753,99037.57,[0.13774608],0.015793087,Trade closed
3754,99250.0,[0.1449437],0.0,Trade initiated
3755,99250.0,[0.13953991],0.002177267,Trade open
3756,99466.09,[0.14032653],0.0041321632,Trade open
3757,99660.12,[0.14080487],0.0035264483,Trade open
3758,99600.0,[0.13892451],0.0023660264,Trade open
3759,99484.83,[0.13697223],0.0026419237,Trade open
3760,99512.21,[0.13656746],0.00073228905,Trade open
3761,99322.68,[0.13254912],0.0006922229,Trade open
3762,99318.7,[0.13245092],0.0014619018,Trade open
3763,99395.09,[0.13096593],-0.0020806834,Trade open
3764,99043.49,[0.13052154],-0.0013676794,Trade open
3765,99114.26,[0.13035679],-0.0025189705,Trade open
3766,98999.99,[0.1258126],-0.0024138067,Trade open
3767,99010.43,[0.12501869],-0.004856817,Trade open
3768,98767.96,[0.11702538],-1.3224181e-05,Trade open
3769,99248.69,[0.13123278],0.00010067695,Trade open
3770,99259.99,[0.1299617],0.0032492916,Trade open
3771,99572.49,[0.13105464],-0.000935847,Trade open
3772,99157.12,[0.12760302],0.00070560456,Trade open
3773,99320.03,[0.1333817],0.0024434037,Trade open
3774,99492.51,[0.13299376],-0.0019646569,Trade closed
3775,99055.01,[0.13174613],0.0,Trade initiated
3776,99055.01,[0.12766245],0.0169807,Trade open
3777,100737.03,[0.1475879],0.026481183,Trade open
3778,101678.1,[0.15031923],0.031224523,Trade open
3779,102147.95,[0.14838532],0.03417309,Trade open
3780,102440.02,[0.14108174],0.03133273,Trade open
3781,102158.67,[0.13753656],0.02802002,Trade open
3782,101830.53,[0.13458005],0.028034376,Trade open
3783,101831.95,[0.1306478],0.029063003,Trade open
3784,101933.84,[0.13083279],0.027093926,Trade open
3785,101738.8,[0.13107854],0.028650275,Trade open
3786,101892.96,[0.13074642],0.027885627,Trade open
3787,101817.22,[0.13113312],0.030891217,Trade open
3788,102114.94,[0.13237266],0.031016856,Trade open
3789,102127.38,[0.1324186],0.030342674,Trade open
3790,102060.6,[0.13227266],0.025813073,Trade open
3791,101611.92,[0.13472806],0.029009843,Trade open
3792,101928.58,[0.13613586],0.029851785,Trade open
3793,102011.98,[0.13231435],0.03056635,Trade open
3794,102082.76,[0.13169557],0.03210937,Trade open
3795,102235.6,[0.13404158],0.033575725,Trade closed
3796,102380.85,[0.14280693],0.0,Trade initiated
3797,102380.85,[0.13627134],-0.003305214,Trade open
3798,102042.46,[0.1362397],-0.0067940257,Trade open
3799,101685.27,[0.13111983],-0.0045437724,Trade open
3800,101915.66,[0.133388],-0.005199794,Trade open
3801,101848.49,[0.1316803],-0.006868426,Trade open
3802,101677.66,[0.12686087],-0.00708476,Trade open
3803,101655.51,[0.12676412],-0.0065712817,Trade open
3804,101708.08,[0.1281503],-0.0049039475,Trade open
3805,101878.78,[0.13242482],-0.0069722817,Trade open
3806,101667.02,[0.12911978],-0.0064691817,Trade open
3807,101718.53,[0.12810586],-0.0062256055,Trade open
3808,101743.47,[0.12877181],-0.005352182,Trade open
3809,101832.89,[0.13087545],-0.0054729013,Trade open
3810,101820.53,[0.13091673],-0.005927851,Trade open
3811,101773.95,[0.12711439],-0.006993877,Trade open
3812,101664.81,[0.12688759],-0.0057750056,Trade open
3813,101789.6,[0.1310691],-0.004647094,Trade open
3814,101905.08,[0.13115475],-0.0060146134,Trade open
3815,101765.07,[0.12879951],-0.006423702,Trade open
3816,101723.19,[0.12897079],-0.00831172,Trade closed
3817,101529.89,[0.12109472],0.0,Trade initiated
3818,101529.89,[0.1171724],-0.0012125431,Trade open
3819,101406.78,[0.11450116],-0.0016285229,Trade open
3820,101364.55,[0.1101475],-0.00688498,Trade open
3821,100830.86,[0.09801248],-0.008812906,Trade open
3822,100635.12,[0.09605782],-0.007672617,Trade open
3823,100750.89,[0.1022178],-0.0058170217,Trade open
3824,100939.29,[0.10986515],-0.008796363,Trade open
3825,100636.8,[0.10548991],-0.007585974,Trade open
3826,100759.69,[0.11011952],-0.01526844,Trade open
3827,99979.69,[0.09757469],-0.030264333,Trade open
3828,98457.16,[0.09957781],-0.035237238,Trade open
3829,97952.26,[0.10224862],-0.034635197,Trade open
3830,98013.38,[0.10102536],-0.03739108,Trade open
3831,97733.58,[0.10585143],-0.041456543,Trade open
3832,97320.81,[0.10871287],-0.04188499,Trade open
3833,97277.31,[0.11074203],-0.04400721,Trade open
3834,97061.84,[0.11315162],-0.04707019,Trade open
3835,96750.86,[0.11455655],-0.04597399,Trade open
3836,96862.16,[0.11597554],-0.05001398,Trade open
3837,96451.98,[0.11662222],-0.05177932,Trade closed
3838,96272.74,[0.11345768],0.0,Trade initiated
3839,96272.74,[0.11711847],0.0027069903,Trade open
3840,96533.35,[0.11670221],0.006723249,Trade open
3841,96920.01,[0.11669917],0.0023732218,Trade open
3842,96501.22,[0.1160195],0.006733555,Trade open
3843,96921.0,[0.11842404],0.009257634,Trade open
3844,97164.0,[0.12011218],0.008248944,Trade open
3845,97066.89,[0.12055308],0.0070826607,Trade open
3846,96954.61,[0.12094412],0.0068106474,Trade open
3847,96928.42,[0.12169358],0.010343011,Trade open
3848,97268.49,[0.12631881],0.0073301676,Trade open
3849,96978.44,[0.12490571],0.0065896767,Trade open
3850,96907.15,[0.12144677],0.0073422585,Trade open
3851,96979.6,[0.12351787],0.0062883683,Trade open
3852,96878.14,[0.12245909],0.0035265207,Trade open
3853,96612.25,[0.10761664],0.002622351,Trade open
3854,96525.2,[0.10377587],0.0023606436,Trade open
3855,96500.01,[0.10326361],2.1504658e-05,Trade open
3856,96274.81,[0.10206341],0.0036162722,Trade open
3857,96620.89,[0.11418103],0.0022775463,Trade open
3858,96492.01,[0.11427623],-0.0007046225,Trade closed
3859,96204.91,[0.1137227],0.0,Trade initiated
3860,96204.91,[0.10639394],-0.009569094,Trade open
3861,95284.31,[0.10189737],-0.007519432,Trade open
3862,95481.5,[0.10285714],-0.0056942264,Trade open
3863,95657.09,[0.10478231],-0.00381315,Trade open
3864,95838.06,[0.11468648],-0.002691277,Trade open
3865,95945.99,[0.12052913],-0.0030371372,Trade open
3866,95912.72,[0.11995701],-0.008025432,Trade open
3867,95432.82,[0.10708612],-0.0035616525,Trade open
3868,95862.26,[0.11890511],-0.0025350351,Trade open
3869,95961.02,[0.12332243],-0.0067523518,Trade open
3870,95555.3,[0.1161642],-0.0111219315,Trade open
3871,95134.92,[0.10187671],-0.011299775,Trade open
3872,95117.81,[0.10334776],-0.013688475,Trade open
3873,94888.01,[0.1014929],-0.006685031,Trade open
3874,95561.77,[0.1229096],-0.008532894,Trade open
3875,95384.0,[0.12153476],-0.007960386,Trade open
3876,95439.08,[0.12289847],-0.009530683,Trade open
3877,95288.01,[0.11787802],-0.014630637,Trade open
3878,94797.37,[0.11346974],-0.007391856,Trade open
3879,95493.77,[0.12450255],-0.013706828,Trade closed
3880,94886.24,[0.12043853],0.0,Trade initiated
3881,94886.24,[0.11905577],-0.0010367678,Trade open
3882,94787.87,[0.11250547],-0.019706327,Trade open
3883,93016.38,[0.10824617],-0.009015236,Trade open
3884,94030.82,[0.10721897],0.00037050946,Trade open
3885,94921.4,[0.1271395],-0.0067832046,Trade open
3886,94242.61,[0.12320944],-0.0014147698,Trade open
3887,94752.0,[0.12632054],-0.006769702,Trade open
3888,94243.89,[0.12432262],-0.009208312,Trade open
3889,94012.5,[0.12081123],-0.0095508285,Trade open
3890,93980.0,[0.12120672],-0.0074381833,Trade open
3891,94180.46,[0.1214513],-0.004397618,Trade open
3892,94468.97,[0.12695077],-0.0010590807,Trade open
3893,94785.75,[0.12918794],0.0042649754,Trade open
3894,95290.93,[0.13154796],0.0014989165,Trade open
3895,95028.47,[0.13080652],0.0018376446,Trade open
3896,95060.61,[0.13150907],-6.5786015e-05,Trade open
3897,94880.0,[0.13171318],0.0026247713,Trade open
3898,95135.3,[0.13153924],0.003958441,Trade open
3899,95261.84,[0.12941715],0.0010283695,Trade open
3900,94983.82,[0.12761684],-0.004235417,Trade closed
3901,94484.36,[0.12350971],0.0,Trade initiated
3902,94484.36,[0.11696468],0.003097156,Trade open
3903,94776.99,[0.12160902],-0.0013532332,Trade open
3904,94356.5,[0.11732928],-0.0048310743,Trade open
3905,94027.9,[0.10972887],-0.0033172653,Trade open
3906,94170.93,[0.11063076],-0.000636266,Trade open
3907,94424.24,[0.12173317],8.094924e-05,Trade open
3908,94492.01,[0.12456605],-0.00012468995,Trade open
3909,94472.58,[0.12540628],-0.0009655203,Trade open
3910,94393.13,[0.1237601],-0.004120556,Trade open
3911,94095.03,[0.11425468],-0.0078648105,Trade open
3912,93741.26,[0.10739378],-0.013364811,Trade open
3913,93221.59,[0.10018487],-0.015815943,Trade open
3914,92990.0,[0.09998167],-0.015383416,Trade open
3915,93030.87,[0.09996287],-0.010516621,Trade open
3916,93490.7,[0.11541064],-0.010242353,Trade open
3917,93516.62,[0.12172001],-0.012526957,Trade open
3918,93300.76,[0.11624512],-0.010815861,Trade open
3919,93462.43,[0.11778837],-0.008089716,Trade open
3920,93720.01,[0.12552175],-0.01078626,Trade open
3921,93465.23,[0.12243337],-0.009148174,Trade closed
3922,93620.0,[0.12661333],0.0,Trade initiated
3923,93620.0,[0.12562877],-0.0021156003,Trade open
3924,93421.94,[0.12349327],-0.007989663,Trade open
3925,92872.01,[0.10758346],-0.017449029,Trade open
3926,91986.42,[0.10355702],-0.01259388,Trade open
3927,92440.96,[0.10402927],-0.008077367,Trade open
3928,92863.8,[0.11650712],-0.0008488437,Trade open
3929,93540.53,[0.12869088],0.006665493,Trade open
3930,94244.02,[0.12930338],0.00434853,Trade open
3931,94027.11,[0.12824015],0.006739512,Trade open
3932,94250.95,[0.12962154],0.0019466995,Trade open
3933,93802.25,[0.12925774],-0.009900562,Trade open
3934,92693.11,[0.11919643],-0.009228714,Trade open
3935,92756.01,[0.11976979],-0.0064077186,Trade open
3936,93020.11,[0.12476028],-0.008304849,Trade open
3937,92842.5,[0.12312635],-0.018269667,Trade open
3938,91909.59,[0.11065633],-0.02486982,Trade open
3939,91291.69,[0.10286113],-0.018337762,Trade open
3940,91903.22,[0.11328133],-0.014335211,Trade open
3941,92277.94,[0.1227781],-0.016141383,Trade open
3942,92108.84,[0.12192953],-0.015318074,Trade closed
3943,92185.92,[0.12362619],0.0,Trade initiated
3944,92185.92,[0.12090245],0.0029331858,Trade open
3945,92456.32,[0.1261799],0.00044949923,Trade open
3946,92227.36,[0.12408832],0.003976424,Trade open
3947,92552.49,[0.12743051],0.0041337996,Trade open
3948,92567.0,[0.12831153],0.006399262,Trade open
3949,92775.84,[0.13058755],0.0065504513,Trade open
3950,92789.78,[0.13200445],0.0099429665,Trade open
3951,93102.52,[0.13157123],0.014421772,Trade open
3952,93515.41,[0.13445708],0.012783269,Trade open
3953,93364.36,[0.13252491],0.014851186,Trade open
3954,93554.99,[0.13245362],0.01638223,Trade open
3955,93696.13,[0.13328236],0.014988901,Trade open
3956,93567.69,[0.13084048],0.017917763,Trade open
3957,93837.69,[0.13099973],0.017595725,Trade open
3958,93808.0,[0.13013905],0.01921016,Trade open
3959,93956.83,[0.13262369],0.019093378,Trade open
3960,93946.06,[0.13188833],0.022421062,Trade open
3961,94252.83,[0.13493223],0.023547946,Trade open
3962,94356.71,[0.13715836],0.025022378,Trade open
3963,94492.63,[0.13956957],0.027192922,Trade closed
3964,94692.73,[0.14215912],0.0,Trade initiated
3965,94692.73,[0.13893105],-0.00013431601,Trade open
3966,94680.01,[0.13751219],0.0026244426,Trade open
3967,94941.24,[0.13754968],0.00105976,Trade open
3968,94793.08,[0.13500926],0.0010166105,Trade open
3969,94788.99,[0.13341875],0.0055231275,Trade open
3970,95215.73,[0.13503276],0.0011798854,Trade open
3971,94804.45,[0.1288443],0.004025933,Trade open
3972,95073.95,[0.13550013],0.0008885648,Trade open
3973,94776.87,[0.13111441],0.003492464,Trade open
3974,95023.44,[0.1327846],0.0013248443,Trade open
3975,94818.18,[0.12966825],-0.011991417,Trade open
3976,93557.23,[0.09971693],-0.002989934,Trade open
3977,94409.6,[0.1114766],-0.006094383,Trade open
3978,94115.63,[0.11256267],-0.015029451,Trade open
3979,93269.55,[0.1043875],-0.010157113,Trade open
3980,93730.92,[0.11499102],-0.013395713,Trade open
3981,93424.25,[0.11197656],-0.011063993,Trade open
3982,93645.05,[0.11518054],-0.0034753033,Trade open
3983,94363.64,[0.12388674],0.011619903,Trade open
3984,95793.05,[0.1357448],0.0028465425,Trade closed
3985,94962.27,[0.13231377],0.0,Trade initiated
3986,94962.27,[0.13144845],-0.0010599605,Trade open
3987,94861.62,[0.13244618],0.00023430357,Trade open
3988,94984.52,[0.13361317],0.0038414104,Trade open
3989,95327.06,[0.13375893],-0.0003864199,Trade open
3990,94925.58,[0.13208674],-0.0030562303,Trade open
3991,94672.05,[0.13029133],-0.00095062423,Trade open
3992,94872.0,[0.13092987],-0.0036753083,Trade open
3993,94613.26,[0.13076942],-0.0016716343,Trade open
3994,94803.53,[0.13095677],-0.0020489222,Trade open
3995,94767.7,[0.13240348],-0.00090628094,Trade open
3996,94876.21,[0.13298693],-0.002486925,Trade open
3997,94726.11,[0.13102609],-0.0049016997,Trade open
3998,94496.8,[0.12067385],-0.00380768,Trade open
3999,94600.69,[0.12223043],-0.0045897337,Trade open
4000,94526.42,[0.12339853],-0.0056655724,Trade open
4001,94424.26,[0.11618187],-0.007232313,Trade open
4002,94275.48,[0.11523712],-0.0056657367,Trade open
4003,94424.24,[0.11926599],-0.008427936,Trade open
4004,94161.94,[0.11214875],-0.007953899,Trade open
4005,94206.95,[0.11413706],-0.009383332,Trade closed
4006,94071.21,[0.11804074],0.0,Trade initiated
4007,94071.21,[0.11135121],-8.421147e-05,Trade open
4008,94063.29,[0.10930504],0.0012591027,Trade open
4009,94189.66,[0.11866638],0.0031409883,Trade open
4010,94366.69,[0.1280502],0.003564454,Trade open
4011,94406.52,[0.13088791],0.0015418007,Trade open
4012,94216.25,[0.127095],0.0012402505,Trade open
4013,94187.88,[0.12538546],0.0018618708,Trade open
4014,94246.36,[0.12630655],0.003047143,Trade open
4015,94357.86,[0.13112362],3.8036345e-05,Trade open
4016,94074.79,[0.12221351],0.0017045763,Trade open
4017,94231.56,[0.12579723],0.0027451776,Trade open
4018,94329.45,[0.13032086],0.0030948962,Trade open
4019,94362.35,[0.1306024],0.004439705,Trade open
4020,94488.86,[0.12991299],0.0055895154,Trade open
4021,94597.02,[0.13372228],0.0058938065,Trade open
4022,94625.65,[0.13593543],0.005634528,Trade open
4023,94601.26,[0.13024193],0.005089728,Trade open
4024,94550.01,[0.12764995],0.0040375,Trade open
4025,94451.02,[0.13232805],0.0034951912,Trade open
4026,94400.01,[0.1310547],0.0033808332,Trade closed
4027,94389.25,[0.13034236],0.0,Trade initiated
4028,94389.25,[0.12959278],0.002444664,Trade open
4029,94620.0,[0.1299869],0.00066372426,Trade open
4030,94451.9,[0.12755744],0.00022256574,Trade open
4031,94410.26,[0.12845351],0.00045862282,Trade open
4032,94432.54,[0.1292781],0.00062391243,Trade open
4033,94448.14,[0.1260283],-0.002928283,Trade open
4034,94112.85,[0.11155748],-0.0025185766,Trade open
4035,94151.52,[0.1146128],-0.0010610981,Trade open
4036,94289.09,[0.12225928],-0.0012020536,Trade open
4037,94275.79,[0.12289286],-0.0015112784,Trade open
4038,94246.6,[0.12394086],-0.001483137,Trade open
4039,94249.26,[0.12280857],0.0009936413,Trade open
4040,94483.04,[0.13156043],0.0020856122,Trade open
4041,94586.11,[0.12978815],0.0044462658,Trade open
4042,94808.93,[0.13889825],0.005842909,Trade open
4043,94940.76,[0.14088047],0.0035471465,Trade open
4044,94724.06,[0.1325795],0.0021670568,Trade open
4045,94593.8,[0.12717347],0.0030533469,Trade open
4046,94677.45,[0.12794472],0.0022326927,Trade open
4047,94599.99,[0.12662283],0.0013489685,Trade closed
4048,94516.58,[0.13167202],0.0,Trade initiated
4049,94516.58,[0.12777722],-0.00068250264,Trade open
4050,94452.07,[0.1289046],-0.0017606039,Trade open
4051,94350.17,[0.12467946],0.00067101326,Trade open
4052,94580.0,[0.13077265],0.00030550195,Trade open
4053,94545.45,[0.13056615],0.0011497652,Trade open
4054,94625.25,[0.12889999],-0.00066555786,Trade open
4055,94453.67,[0.12744875],0.0011195953,Trade open
4056,94622.4,[0.13086988],0.0012256447,Trade open
4057,94632.42,[0.13204312],0.0007555718,Trade open
4058,94587.99,[0.13085975],0.0008036785,Trade open
4059,94592.54,[0.13141806],0.000580338,Trade open
4060,94571.43,[0.12895602],-0.00029467384,Trade open
4061,94488.73,[0.1262732],-0.0014261717,Trade open
4062,94381.78,[0.11103235],-0.0013159068,Trade open
4063,94392.2,[0.10855071],-0.0020390768,Trade open
4064,94323.85,[0.10784273],-0.0018424348,Trade open
4065,94342.44,[0.1092058],-0.0036667674,Trade open
4066,94170.01,[0.10441947],-0.005465394,Trade open
4067,94000.01,[0.09851143],-0.0064576967,Trade open
4068,93906.22,[0.09640809],-0.006146491,Trade closed
4069,93935.63,[0.10506359],0.0,Trade initiated
4070,93935.63,[0.1004507],0.00084657373,Trade open
4071,94015.16,[0.10713754],0.0037294487,Trade open
4072,94285.96,[0.12755731],0.0034009325,Trade open
4073,94255.1,[0.12855014],0.005390909,Trade open
4074,94442.03,[0.12972331],0.0041791415,Trade open
4075,94328.2,[0.12757236],0.007586561,Trade open
4076,94648.28,[0.13262819],0.0077515678,Trade open
4077,94663.78,[0.13464876],0.009462929,Trade open
4078,94824.54,[0.13866803],0.009318798,Trade open
4079,94811.0,[0.13576278],0.014175348,Trade open
4080,95267.2,[0.13981572],0.012096215,Trade open
4081,95071.9,[0.1340611],0.010074635,Trade open
4082,94882.0,[0.12869439],0.011828578,Trade open
4083,95046.76,[0.13019234],0.012284094,Trade open
4084,95089.55,[0.13134302],0.012815375,Trade open
4085,95139.45,[0.13161401],0.012425147,Trade open
4086,95102.8,[0.13103],0.011252469,Trade open
4087,94992.64,[0.1289231],0.008227375,Trade open
4088,94708.48,[0.12941849],0.007607603,Trade open
4089,94650.26,[0.12220064],0.0089069465,Trade closed
4090,94772.31,[0.13148417],0.0,Trade initiated
4091,94772.31,[0.1263714],-0.00089292956,Trade open
4092,94687.69,[0.12304004],-0.0017221373,Trade open
4093,94609.1,[0.11635467],-0.004427552,Trade open
4094,94352.7,[0.1067027],-0.009034482,Trade open
4095,93916.09,[0.09860828],-0.008540535,Trade open
4096,93962.91,[0.10099909],-0.005119177,Trade open
4097,94287.16,[0.11256637],-0.0023978523,Trade open
4098,94545.06,[0.12795225],0.0051635266,Trade open
4099,95261.67,[0.1321926],0.005836274,Trade open
4100,95325.43,[0.13859707],0.004263838,Trade open
4101,95176.41,[0.13098769],-0.005848804,Trade open
4102,94218.01,[0.12557846],-0.004703625,Trade open
4103,94326.54,[0.1246055],-0.005854904,Trade open
4104,94217.43,[0.12095737],-0.0049834074,Trade open
4105,94300.02,[0.12406799],-0.005308364,Trade open
4106,94269.23,[0.12354686],0.00036790478,Trade open
4107,94807.18,[0.13064726],-0.0028380519,Trade open
4108,94503.34,[0.12913227],-0.0055189016,Trade open
4109,94249.27,[0.12678722],-0.0062354216,Trade open
4110,94181.37,[0.12264594],-0.0069462536,Trade closed
4111,94114.0,[0.12494848],0.0,Trade initiated
4112,94114.0,[0.12255855],-0.00506442,Trade open
4113,93637.37,[0.10610639],-0.004375262,Trade open
4114,93702.23,[0.10812666],-0.0055651423,Trade open
4115,93590.24,[0.11073865],-0.00931583,Trade open
4116,93237.25,[0.10143528],-0.011421238,Trade open
4117,93039.1,[0.09927581],-0.013814529,Trade open
4118,92813.86,[0.09703274],-0.013464638,Trade open
4119,92846.79,[0.09921457],-0.022390649,Trade open
4120,92006.73,[0.09831795],-0.026234556,Trade open
4121,91644.96,[0.09977777],-0.028168714,Trade open
4122,91462.93,[0.10119377],-0.034668393,Trade open
4123,90851.22,[0.10336606],-0.03469039,Trade open
4124,90849.15,[0.1056302],-0.03593514,Trade open
4125,90732.0,[0.10717893],-0.028731529,Trade open
4126,91409.96,[0.1148256],-0.031691287,Trade open
4127,91131.41,[0.11198206],-0.03364279,Trade open
4128,90947.74,[0.11031501],-0.024236232,Trade open
4129,91833.03,[0.12158672],-0.020176494,Trade open
4130,92215.11,[0.12718146],-0.021147225,Trade open
4131,92123.75,[0.12615016],-0.025718892,Trade closed
4132,91693.49,[0.12493189],0.0,Trade initiated
4133,91693.49,[0.12340221],-0.0038202172,Trade open
4134,91343.2,[0.12172312],0.0036464045,Trade open
4135,92027.84,[0.12462777],0.003167823,Trade open
4136,91983.96,[0.12451089],0.00025739626,Trade open
4137,91717.09,[0.12494782],0.0041895695,Trade open
4138,92077.65,[0.12599683],0.005218558,Trade open
4139,92172.0,[0.12558965],0.0067473436,Trade open
4140,92312.18,[0.12911712],0.004753098,Trade open
4141,92129.32,[0.12686282],0.020525329,Trade open
4142,93575.53,[0.13955833],0.023583837,Trade open
4143,93855.98,[0.14240994],0.027264748,Trade open
4144,94193.49,[0.14255548],0.031213962,Trade open
4145,94555.61,[0.14270964],0.029516647,Trade open
4146,94399.98,[0.13844413],0.02805057,Trade open
4147,94265.55,[0.1361415],0.031001212,Trade open
4148,94536.1,[0.13696037],0.031528786,Trade open
4149,94584.48,[0.13614783],0.03028875,Trade open
4150,94470.77,[0.13432615],0.03528067,Trade open
4151,94928.5,[0.13488278],0.034255516,Trade open
4152,94834.5,[0.13360699],0.038350426,Trade closed
4153,95209.98,[0.13987291],0.0,Trade initiated
4154,95209.98,[0.13516279],-0.0034379603,Trade open
4155,94882.65,[0.1330899],-0.0017980817,Trade open
4156,95038.78,[0.13498868],-0.0036611513,Trade open
4157,94861.4,[0.13213614],-0.0028532331,Trade open
4158,94938.32,[0.13234985],-0.0009535667,Trade open
4159,95119.19,[0.13394679],-0.00040108716,Trade open
4160,95171.79,[0.13702513],-0.003086845,Trade open
4161,94916.08,[0.13238141],-0.004063305,Trade open
4162,94823.11,[0.13203622],-0.0018699622,Trade open
4163,95031.94,[0.13292873],-0.0018816141,Trade open
4164,95030.83,[0.13200141],-0.0036338267,Trade open
4165,94864.0,[0.13217905],0.0014811014,Trade open
4166,95350.99,[0.14545693],0.0029253599,Trade open
4167,95488.5,[0.14709821],0.012580007,Trade open
4168,96407.72,[0.14786884],0.020475386,Trade open
4169,97159.44,[0.14616176],0.01621367,Trade open
4170,96753.68,[0.1394011],0.015619178,Trade open
4171,96697.08,[0.13583654],0.013158498,Trade open
4172,96462.8,[0.13361187],0.014053806,Trade open
4173,96548.04,[0.1330009],0.010071489,Trade closed
4174,96168.88,[0.13212897],0.0,Trade initiated
4175,96168.88,[0.13055462],-0.0018808871,Trade open
4176,95988.0,[0.13131745],-0.002809998,Trade open
4177,95898.65,[0.133953],0.001737747,Trade open
4178,96336.0,[0.13250501],0.006476806,Trade open
4179,96791.75,[0.13372597],0.0012968722,Trade open
4180,96293.6,[0.12966171],0.0033906011,Trade open
4181,96494.95,[0.13083087],0.00314827,Trade open
4182,96471.65,[0.13030654],-0.0031289356,Trade open
4183,95867.98,[0.12452444],-0.0044032237,Trade open
4184,95745.43,[0.11961351],-0.0013525197,Trade open
4185,96038.81,[0.1284123],0.0037338287,Trade open
4186,96527.96,[0.13100576],0.004922249,Trade open
4187,96642.25,[0.13179201],0.006331716,Trade open
4188,96777.8,[0.13291474],0.007311275,Trade open
4189,96872.0,[0.13319747],0.0038361063,Trade open
4190,96537.8,[0.1305882],0.0075806584,Trade open
4191,96897.91,[0.135123],0.0034954783,Trade open
4192,96505.04,[0.13287143],0.0036221272,Trade open
4193,96517.22,[0.13316934],0.003298478,Trade open
4194,96486.09,[0.13166535],0.005002836,Trade closed
4195,96650.0,[0.13452873],0.0,Trade initiated
4196,96650.0,[0.13361426],0.0004335877,Trade open
4197,96691.91,[0.13243309],-0.0013235579,Trade open
4198,96522.08,[0.13006265],-0.0009223034,Trade open
4199,96560.86,[0.13106139],0.0057756724,Trade open
4200,97208.22,[0.14108527],0.0024765586,Trade open
4201,96889.36,[0.13631311],0.004826209,Trade open
4202,97116.45,[0.13527177],0.0072386675,Trade open
4203,97349.62,[0.14088829],0.0030920203,Trade open
4204,96948.84,[0.13040432],0.001800957,Trade open
4205,96824.06,[0.12735885],0.0028623738,Trade open
4206,96926.65,[0.12708025],0.0069024023,Trade open
4207,97317.12,[0.13053036],0.0063213753,Trade open
4208,97260.96,[0.13362987],0.0055841794,Trade open
4209,97189.71,[0.12994477],0.003345189,Trade open
4210,96973.31,[0.12926432],0.003931389,Trade open
4211,97029.97,[0.12949711],0.0021727884,Trade open
4212,96860.0,[0.12740728],0.004712639,Trade open
4213,97105.48,[0.12958966],0.009204038,Trade open
4214,97539.57,[0.13499252],0.0067392816,Trade open
4215,97301.35,[0.12997787],0.008664479,Trade closed
4216,97487.42,[0.1376749],0.0,Trade initiated
4217,97487.42,[0.12972894],-0.002925137,Trade open
4218,97202.26,[0.12756355],-0.0061369296,Trade open
4219,96889.15,[0.12862182],-0.0068824585,Trade open
4220,96816.47,[0.12226762],-0.004261207,Trade open
4221,97072.01,[0.12850834],-0.005681021,Trade open
4222,96933.59,[0.12810281],-0.008681168,Trade open
4223,96641.12,[0.11719648],-0.007439341,Trade open
4224,96762.18,[0.1208007],-0.0091854,Trade open
4225,96591.96,[0.11901098],-0.0055852556,Trade open
4226,96942.93,[0.12843168],-0.002059881,Trade open
4227,97286.61,[0.1279048],0.015146345,Trade open
4228,98964.0,[0.14740641],0.012739945,Trade open
4229,98729.41,[0.14444011],0.019971646,Trade open
4230,99434.41,[0.14363047],0.02284181,Trade open
4231,99714.21,[0.14010018],0.015437889,Trade open
4232,98992.42,[0.1360997],0.018332813,Trade open
4233,99274.64,[0.13484935],0.015470265,Trade open
4234,98995.58,[0.13275766],0.016561992,Trade open
4235,99102.01,[0.13258529],0.01188078,Trade open
4236,98645.65,[0.13159527],0.01641021,Trade closed
4237,99087.21,[0.13484377],0.0,Trade initiated
4238,99087.21,[0.1321778],0.0036223615,Trade open
4239,99446.14,[0.1324437],0.0028127842,Trade open
4240,99365.92,[0.13253225],0.007646673,Trade open
4241,99844.9,[0.13901353],0.011024852,Trade open
4242,100179.63,[0.1444328],0.0048360177,Trade open
4243,99566.4,[0.13362394],0.0070189903,Trade open
4244,99782.7,[0.13316853],0.0059017614,Trade open
4245,99672.0,[0.1325986],0.0049736015,Trade open
4246,99580.03,[0.13265581],0.00632019,Trade open
4247,99713.46,[0.13232763],0.010607291,Trade open
4248,100138.26,[0.13592748],0.014231308,Trade open
4249,100497.35,[0.14005753],0.0127783585,Trade open
4250,100353.38,[0.1385852],0.007892511,Trade open
4251,99869.26,[0.13124698],0.009031264,Trade open
4252,99982.09,[0.13170889],0.010043078,Trade open
4253,100082.35,[0.1316778],0.0064777215,Trade open
4254,99729.07,[0.12968665],0.0055563427,Trade open
4255,99637.77,[0.12970008],0.0045696013,Trade open
4256,99540.0,[0.12802674],0.0039442056,Trade open
4257,99478.03,[0.12422851],0.0052762865,Trade closed
4258,99610.02,[0.13302746],0.0,Trade initiated
4259,99610.02,[0.12931806],-2.3529259e-07,Trade open
4260,99610.0,[0.12987916],-0.00094391545,Trade open
4261,99516.0,[0.1262926],-0.0022880635,Trade open
4262,99382.11,[0.12428296],0.0007071326,Trade open
4263,99680.46,[0.12969032],0.001919517,Trade open
4264,99801.23,[0.13118574],0.0010591304,Trade open
4265,99715.52,[0.13208413],0.0019071249,Trade open
4266,99799.99,[0.13249613],-0.00060266274,Trade open
4267,99549.99,[0.12812607],-0.0065678786,Trade open
4268,98955.8,[0.10052817],-0.0066515645,Trade open
4269,98947.46,[0.10251901],-0.004588833,Trade open
4270,99152.93,[0.11943926],-0.0026544142,Trade open
4271,99345.62,[0.12572818],-0.003973229,Trade open
4272,99214.25,[0.12532978],-0.0054736114,Trade open
4273,99064.8,[0.11459398],-0.004530794,Trade open
4274,99158.71,[0.11889639],-0.004014719,Trade open
4275,99210.12,[0.1258007],-0.002187829,Trade open
4276,99392.09,[0.1289017],-0.007823714,Trade open
4277,98830.7,[0.11335512],-0.005280436,Trade open
4278,99084.04,[0.12222204],-0.002657865,Trade closed
4279,99345.27,[0.13076162],0.0,Trade initiated
4280,99345.27,[0.12431104],-0.017377604,Trade open
4281,97618.89,[0.10011531],-0.009368368,Trade open
4282,98414.57,[0.10440706],-0.0004942516,Trade open
4283,99296.17,[0.12853073],0.003720138,Trade open
4284,99714.85,[0.13389198],1.1245503e-05,Trade open
4285,99346.39,[0.13152583],0.005270995,Trade open
4286,99868.92,[0.13475758],0.0049651647,Trade open
4287,99838.54,[0.13192523],0.0015104361,Trade open
4288,99495.33,[0.13111578],0.0024054365,Trade open
4289,99584.24,[0.13334356],0.0042958604,Trade open
4290,99772.05,[0.1336428],0.010789941,Trade open
4291,100417.2,[0.13352883],0.012787394,Trade open
4292,100615.64,[0.13522011],0.010053007,Trade open
4293,100343.99,[0.1317494],0.00538345,Trade open
4294,99880.09,[0.13235462],0.008170526,Trade open
4295,100156.98,[0.13361207],0.002531811,Trade open
4296,99596.8,[0.12922007],0.004962255,Trade open
4297,99838.25,[0.1281605],0.005495512,Trade open
4298,99891.23,[0.13260183],0.0064625465,Trade open
4299,99987.3,[0.13326731],0.008160695,Trade closed
4300,100156.0,[0.13456312],0.0,Trade initiated
4301,100156.0,[0.13104083],-0.00035366704,Trade open
4302,100120.58,[0.1305132],0.00058978307,Trade open
4303,100215.07,[0.1314034],0.015014546,Trade open
4304,101659.8,[0.14823605],0.016994972,Trade open
4305,101858.15,[0.14820166],0.009425296,Trade open
4306,101100.0,[0.13336775],0.008262735,Trade open
4307,100983.56,[0.131805],0.008943314,Trade open
4308,101051.73,[0.13180509],0.010363832,Trade open
4309,101194.0,[0.13210523],0.013232248,Trade open
4310,101481.29,[0.13260359],0.014667042,Trade open
4311,101624.99,[0.13412191],0.01176212,Trade open
4312,101334.05,[0.13142358],0.0127739785,Trade open
4313,101435.39,[0.13178319],0.012510406,Trade open
4314,101408.99,[0.13220678],0.014714234,Trade open
4315,101629.72,[0.13235585],0.012824993,Trade open
4316,101440.5,[0.13128133],0.017412758,Trade open
4317,101899.99,[0.13713665],0.019769238,Trade open
4318,102136.01,[0.1434196],0.018671576,Trade open
4319,102026.07,[0.1428604],0.017026018,Trade open
4320,101861.26,[0.1328023],0.02073406,Trade closed
4321,102232.64,[0.1432011],0.0,Trade initiated
4322,102232.64,[0.1370687],0.0008694936,Trade open
4323,102321.53,[0.14182332],0.0010370037,Trade open
4324,102338.66,[0.13708608],4.8525966e-05,Trade open
4325,102237.6,[0.13508448],0.0029012414,Trade open
4326,102529.24,[0.13908154],0.005018425,Trade open
4327,102745.69,[0.1414382],0.0031238494,Trade open
4328,102552.0,[0.13881245],0.0023622592,Trade open
4329,102474.14,[0.13583139],0.005074211,Trade open
4330,102751.39,[0.13751024],0.011212784,Trade open
4331,103378.95,[0.14158538],0.016928837,Trade open
4332,103963.32,[0.14574055],0.017287623,Trade open
4333,104000.0,[0.14194252],0.023175696,Trade open
4334,104601.95,[0.13790405],0.026803298,Trade open
4335,104972.81,[0.1348431],0.027217029,Trade open
4336,105015.11,[0.13137473],0.018514834,Trade open
4337,104125.46,[0.13187285],0.023293074,Trade open
4338,104613.95,[0.13206981],0.025461918,Trade open
4339,104835.68,[0.13334271],0.031072741,Trade open
4340,105409.29,[0.13457097],0.035236195,Trade open
4341,105834.93,[0.13401249],0.03010161,Trade closed
4342,105310.01,[0.13733359],0.0,Trade initiated
4343,105310.01,[0.13184738],-0.0058617857,Trade open
4344,104692.7,[0.1282937],-0.0030513334,Trade open
4345,104988.67,[0.13000974],-0.006699417,Trade open
4346,104604.49,[0.13096306],-0.0068721953,Trade open
4347,104586.3,[0.1327103],-0.008542561,Trade open
4348,104410.39,[0.1314369],-0.0084015345,Trade open
4349,104425.24,[0.13108331],-0.011703838,Trade open
4350,104077.48,[0.12663645],-0.010304102,Trade open
4351,104224.88,[0.12911318],-0.0062020756,Trade open
4352,104656.87,[0.13493194],-0.006884436,Trade open
4353,104585.01,[0.13387729],-0.009893335,Trade open
4354,104268.14,[0.1282566],-0.00866022,Trade open
4355,104398.0,[0.12964489],-0.009325147,Trade open
4356,104327.98,[0.12938021],-0.010628516,Trade open
4357,104190.72,[0.12672251],-0.016619384,Trade open
4358,103559.82,[0.10040601],-0.02183709,Trade open
4359,103010.34,[0.09851596],-0.016244747,Trade open
4360,103599.27,[0.10969955],-0.015660757,Trade open
4361,103660.77,[0.11623459],-0.023556491,Trade open
4362,102829.27,[0.10820609],-0.020200849,Trade closed
4363,103182.66,[0.11474565],0.0,Trade initiated
4364,103182.66,[0.11227166],0.0024978458,Trade open
4365,103440.39,[0.12094651],0.00010660706,Trade open
4366,103193.66,[0.11769447],-0.0034977414,Trade open
4367,102821.75,[0.11099378],-0.0036697665,Trade open
4368,102804.0,[0.10977193],0.0008658795,Trade open
4369,103272.0,[0.12659092],0.002641099,Trade open
4370,103455.17,[0.12794337],-0.0002264643,Trade open
4371,103159.29,[0.12628822],-0.00014862903,Trade open
4372,103167.32,[0.12533191],1.9231671e-05,Trade open
4373,103184.64,[0.12541328],0.001671944,Trade open
4374,103355.17,[0.12745482],0.0039409027,Trade open
4375,103589.29,[0.13004957],0.004136324,Trade open
4376,103609.45,[0.12888241],0.002662148,Trade open
4377,103457.34,[0.12898143],0.002968719,Trade open
4378,103488.98,[0.13007317],0.01146662,Trade open
4379,104365.81,[0.1387431],0.009742053,Trade open
4380,104187.87,[0.13619357],0.007853791,Trade open
4381,103993.03,[0.13209067],0.010375033,Trade open
4382,104253.18,[0.1322533],0.013435443,Trade open
4383,104568.96,[0.1364354],0.00766632,Trade closed
4384,103973.69,[0.13317336],0.0,Trade initiated
4385,103973.69,[0.1292432],-0.0069251293,Trade open
4386,103253.66,[0.12656932],-0.0007592816,Trade open
4387,103894.74,[0.13136211],-0.0014189287,Trade open
4388,103826.16,[0.13253151],0.00029221637,Trade open
4389,104004.07,[0.13308881],0.0010681038,Trade open
4390,104084.74,[0.13180216],0.0017535236,Trade open
4391,104156.01,[0.13214199],0.0039271503,Trade open
4392,104382.01,[0.13072895],-0.0005061377,Trade open
4393,103921.06,[0.13199767],0.00059375,Trade open
4394,104035.42,[0.13082522],0.0015168351,Trade open
4395,104131.4,[0.13195248],-0.0008117288,Trade open
4396,103889.29,[0.13042627],0.0021728755,Trade open
4397,104199.61,[0.13268527],0.0030547092,Trade open
4398,104291.3,[0.1326299],0.004725279,Trade open
4399,104464.99,[0.13533233],0.0056027547,Trade open
4400,104556.23,[0.1357516],0.002830043,Trade open
4401,104267.94,[0.12923086],0.0012917932,Trade open
4402,104108.0,[0.1300967],0.004200206,Trade open
4403,104410.4,[0.13395749],0.004935293,Trade open
4404,104486.83,[0.1318724],0.011704208,Trade closed
4405,105190.62,[0.14331102],0.0,Trade initiated
4406,105190.62,[0.14334887],-0.0029722827,Trade open
4407,104877.96,[0.13778149],-0.0038703547,Trade open
4408,104783.49,[0.12985238],-0.0019641425,Trade open
4409,104984.01,[0.13139036],-0.0013176971,Trade open
4410,105052.01,[0.13124603],-0.0015076053,Trade open
4411,105032.03,[0.12996554],-0.004292059,Trade open
4412,104739.13,[0.13267611],-0.000704376,Trade open
4413,105116.52,[0.13603069],0.0011193964,Trade open
4414,105308.37,[0.13610347],0.003590357,Trade open
4415,105568.29,[0.13658279],0.0006545409,Trade open
4416,105259.47,[0.1327875],-0.00022340396,Trade open
4417,105167.12,[0.13418168],-0.0051893145,Trade open
4418,104644.75,[0.12596604],-0.007247557,Trade open
4419,104428.24,[0.1159486],-0.008394805,Trade open
4420,104307.56,[0.10473972],0.0010380709,Trade open
4421,105299.81,[0.13386846],-0.006603711,Trade open
4422,104495.97,[0.12812811],-0.0034866019,Trade open
4423,104823.86,[0.13090697],-0.0024191202,Trade open
4424,104936.15,[0.13329962],-0.007865631,Trade open
4425,104363.23,[0.12292665],-0.0071190703,Trade closed
4426,104441.76,[0.1309831],0.0,Trade initiated
4427,104441.76,[0.12427678],0.0047373893,Trade open
4428,104936.54,[0.12991838],0.0058511975,Trade open
4429,105052.87,[0.13373524],0.005007127,Trade open
4430,104964.71,[0.13343042],0.009634706,Trade open
4431,105448.02,[0.13288717],0.0068769637,Trade open
4432,105160.0,[0.12911677],0.005755301,Trade open
4433,105042.85,[0.13382088],0.0047355937,Trade open
4434,104936.35,[0.13305041],0.0068638735,Trade open
4435,105158.63,[0.13439693],0.004991792,Trade open
4436,104963.11,[0.13264744],0.0010938363,Trade open
4437,104556.0,[0.12291308],0.0064537316,Trade open
4438,105115.8,[0.13310288],0.0061504077,Trade open
4439,105084.12,[0.13245748],0.00575575,Trade open
4440,105042.9,[0.13298881],0.007160914,Trade open
4441,105189.66,[0.13202263],0.016834667,Trade open
4442,106200.0,[0.1448246],0.013912883,Trade open
4443,105894.84,[0.14048569],0.017557483,Trade open
4444,106275.49,[0.14071769],-0.0004956411,Trade open
4445,104389.99,[0.12205251],-0.0072511258,Trade open
4446,103684.44,[0.10782739],-0.0025304924,Trade closed
4447,104177.47,[0.11170205],0.0,Trade initiated
4448,104177.47,[0.10663733],-0.00732854,Trade open
4449,103414.0,[0.10215101],-0.0349319,Trade open
4450,100538.35,[0.1013704],-0.027317792,Trade open
4451,101331.57,[0.10436729],-0.029655825,Trade open
4452,101088.0,[0.10736778],-0.04207206,Trade open
4453,99794.51,[0.11022131],-0.037027862,Trade open
4454,100320.0,[0.11535999],-0.033449158,Trade open
4455,100692.82,[0.12105267],-0.023650898,Trade open
4456,101713.58,[0.12276174],-0.021607809,Trade open
4457,101926.42,[0.12440896],-0.024223087,Trade open
4458,101653.97,[0.12320181],-0.0219389,Trade open
4459,101891.93,[0.12493702],-0.023126327,Trade open
4460,101768.23,[0.12436521],-0.018671263,Trade open
4461,102232.34,[0.12763712],-0.016293935,Trade open
4462,102480.01,[0.12939575],-0.017597524,Trade open
4463,102344.2,[0.12877932],-0.01475817,Trade open
4464,102640.0,[0.12949426],0.031763405,Trade open
4465,107486.5,[0.1470338],0.04347082,Trade open
4466,108706.15,[0.14801496],0.028251596,Trade open
4467,107120.65,[0.14139847],0.037062507,Trade closed
4468,108038.55,[0.14047414],0.0,Trade initiated
4469,108038.55,[0.13528082],0.00260519,Trade open
4470,108320.01,[0.13005272],0.0018464909,Trade open
4471,108238.04,[0.12524807],0.00086543185,Trade open
4472,108132.05,[0.12275143],0.0042878212,Trade open
4473,108501.8,[0.12087559],-0.0006847961,Trade open
4474,107964.56,[0.12012699],0.003394911,Trade open
4475,108405.33,[0.11967313],0.0018571208,Trade open
4476,108239.19,[0.11951456],-0.012797009,Trade open
4477,106655.98,[0.11986726],-0.010375492,Trade open
4478,106917.59,[0.12548205],-0.00648264,Trade open
4479,107338.17,[0.12971197],-0.0007611577,Trade open
4480,107956.31,[0.12823364],-0.0051141325,Trade open
4481,107486.02,[0.12772284],-0.0015910843,Trade open
4482,107866.65,[0.12960641],-0.009426323,Trade open
4483,107020.14,[0.12991063],-0.028513478,Trade open
4484,104957.99,[0.10615074],-0.02238589,Trade open
4485,105620.01,[0.10861882],-0.012663666,Trade open
4486,106670.38,[0.12856266],-0.035746574,Trade open
4487,104176.54,[0.10641656],-0.04697607,Trade open
4488,102963.32,[0.10347716],-0.039935254,Trade closed
4489,103724.0,[0.1139106],0.0,Trade initiated
4490,103724.0,[0.110932],0.0019923667,Trade open
4491,103930.66,[0.11626282],-0.00474509,Trade open
4492,103231.82,[0.11511697],-0.0003120511,Trade open
4493,103691.63,[0.1193215],0.0022598284,Trade open
4494,103958.4,[0.12279511],-0.0007408483,Trade open
4495,103647.16,[0.12293734],-0.00013324122,Trade open
4496,103710.18,[0.12335758],-0.010875015,Trade open
4497,102596.0,[0.11775558],-0.0060160407,Trade open
4498,103099.99,[0.11825071],-0.0011183525,Trade open
4499,103608.0,[0.12510578],-0.0047346954,Trade open
4500,103232.9,[0.12236855],-0.014114305,Trade open
4501,102260.01,[0.11641266],-0.016866878,Trade open
4502,101974.5,[0.11673246],-0.024451911,Trade open
4503,101187.75,[0.11600237],-0.031275306,Trade open
4504,100480.0,[0.11748383],-0.021458466,Trade open
4505,101498.24,[0.11986423],-0.012493342,Trade open
4506,102428.14,[0.12461802],-0.01136128,Trade open
4507,102545.56,[0.12497343],-0.007963441,Trade open
4508,102898.0,[0.12817404],-0.007597009,Trade open
4509,102936.01,[0.12791225],-0.009712298,Trade closed
4510,102716.6,[0.12618135],0.0,Trade initiated
4511,102716.6,[0.12706521],-0.0036254942,Trade open
4512,102344.2,[0.12543204],-0.0070155105,Trade open
4513,101995.99,[0.1245349],-0.013149043,Trade open
4514,101365.98,[0.12001439],-0.008689945,Trade open
4515,101824.0,[0.12233096],-0.0052626594,Trade open
4516,102176.04,[0.1255119],-0.0026323947,Trade open
4517,102446.21,[0.12701514],-0.0070831263,Trade open
4518,101989.05,[0.12637842],-0.0046628597,Trade open
4519,102237.65,[0.12654354],-0.0024318276,Trade open
4520,102466.81,[0.1264035],-0.0036812453,Trade open
4521,102338.48,[0.1284624],-9.271566e-05,Trade open
4522,102707.08,[0.12978317],0.004537135,Trade open
4523,103182.64,[0.13089877],0.0043250066,Trade open
4524,103160.85,[0.1296884],0.009342985,Trade open
4525,103676.28,[0.135493],0.010140994,Trade open
4526,103758.25,[0.13489895],0.01692133,Trade open
4527,104454.7,[0.13772565],0.017556801,Trade open
4528,104519.98,[0.13738297],0.018787129,Trade open
4529,104646.35,[0.13713785],0.016944377,Trade open
4530,104457.07,[0.1342375],0.024570182,Trade closed
4531,105240.37,[0.14164825],0.0,Trade initiated
4532,105240.37,[0.13774882],-0.018808952,Trade open
4533,103260.91,[0.12930013],-0.014445874,Trade open
4534,103720.08,[0.1298031],-0.012327657,Trade open
4535,103943.0,[0.13292556],0.0016389564,Trade open
4536,105412.85,[0.13717991],-0.002607127,Trade open
4537,104965.99,[0.13382834],0.004233315,Trade open
4538,105685.88,[0.13724603],0.00886438,Trade open
4539,106173.26,[0.14160982],0.01097844,Trade open
4540,106395.74,[0.14075665],0.015401053,Trade open
4541,106861.18,[0.13974231],0.015557392,Trade open
4542,106877.63,[0.13542552],0.017017962,Trade open
4543,107031.34,[0.1329964],0.016985819,Trade open
4544,107027.96,[0.13123722],0.008524681,Trade open
4545,106137.51,[0.12880473],0.009454028,Trade open
4546,106235.31,[0.12923297],0.014555816,Trade open
4547,106772.23,[0.13140963],0.011474996,Trade open
4548,106448.0,[0.1312505],0.0071801404,Trade open
4549,105996.01,[0.1306952],0.004596917,Trade open
4550,105724.15,[0.131144],0.008584663,Trade open
4551,106143.82,[0.13418174],0.007090762,Trade closed
4552,105986.6,[0.13316627],0.0,Trade initiated
4553,105986.6,[0.13245437],-0.0003642117,Trade open
4554,105948.0,[0.13049842],-0.0028509647,Trade open
4555,105684.44,[0.12797408],-0.0017606884,Trade open
4556,105799.99,[0.1275452],0.0003841877,Trade open
4557,106027.32,[0.13071242],-0.00379964,Trade open
4558,105583.89,[0.1253733],-0.0013920539,Trade open
4559,105839.06,[0.1279368],-0.003647572,Trade open
4560,105600.01,[0.12487011],-0.0022418075,Trade open
4561,105749.0,[0.12731321],-0.003851386,Trade open
4562,105578.41,[0.1237395],-0.0033833876,Trade open
4563,105628.01,[0.12701759],-0.0028065164,Trade open
4564,105689.15,[0.12723732],-0.004446243,Trade open
4565,105515.36,[0.12513305],-0.0057251486,Trade open
4566,105379.81,[0.11764634],-0.0048166467,Trade open
4567,105476.1,[0.12294585],-0.008508888,Trade open
4568,105084.77,[0.11644672],-0.01114852,Trade open
4569,104805.01,[0.10650497],-0.006760952,Trade open
4570,105270.03,[0.12495156],-0.009163231,Trade open
4571,105015.42,[0.12232517],-0.009451888,Trade open
4572,104984.83,[0.12261008],-0.009469137,Trade closed
4573,104983.0,[0.12246965],0.0,Trade initiated
4574,104983.0,[0.11576986],0.0015217493,Trade open
4575,105142.76,[0.12577832],-0.0017874918,Trade open
4576,104795.34,[0.11913874],0.001118187,Trade open
4577,105100.39,[0.12791605],0.0036438936,Trade open
4578,105365.55,[0.13140334],0.0027895886,Trade open
4579,105275.86,[0.13062167],-0.0007229593,Trade open
4580,104907.1,[0.124405],-0.00865914,Trade open
4581,104073.94,[0.1021944],-0.003048336,Trade open
4582,104662.98,[0.10854499],-0.0056137065,Trade open
4583,104393.66,[0.11223572],-0.0056768865,Trade open
4584,104387.02,[0.12092769],-0.007648783,Trade open
4585,104180.01,[0.11507249],-0.009485241,Trade open
4586,103987.21,[0.11009365],-0.012176823,Trade open
4587,103704.64,[0.1042164],-0.0068299007,Trade open
4588,104265.98,[0.12435995],-0.006069584,Trade open
4589,104345.8,[0.12512109],-0.0064105615,Trade open
4590,104310.0,[0.12516394],-0.010353982,Trade open
4591,103896.01,[0.11996532],-0.0046959985,Trade open
4592,104490.0,[0.12770729],-0.0033624491,Trade open
4593,104630.0,[0.12880518],-0.005014428,Trade closed
4594,104456.57,[0.12397312],0.0,Trade initiated
4595,104456.57,[0.1293031],-0.0012968907,Trade open
4596,104321.1,[0.1263384],-0.005306482,Trade open
4597,103902.27,[0.11428694],-0.0035281559,Trade open
4598,104088.03,[0.12006095],-0.004242418,Trade open
4599,104013.42,[0.11658441],-0.0056461864,Trade open
4600,103866.79,[0.12164993],-0.005854781,Trade open
4601,103845.0,[0.12057126],-0.0071791946,Trade open
4602,103706.66,[0.11751452],-0.010343414,Trade open
4603,103376.13,[0.10628939],-0.0110003855,Trade open
4604,103307.51,[0.1055066],-0.008766801,Trade open
4605,103540.82,[0.11217386],-0.014595854,Trade open
4606,102931.94,[0.10058859],-0.019773543,Trade open
4607,102391.09,[0.09890203],-0.017243784,Trade open
4608,102655.34,[0.10234477],-0.01419467,Trade open
4609,102973.84,[0.11565488],-0.019101912,Trade open
4610,102461.25,[0.10625297],-0.025336562,Trade open
4611,101810.0,[0.10116072],-0.022797529,Trade open
4612,102075.22,[0.10543378],-0.023269763,Trade open
4613,102025.89,[0.10874519],-0.018419586,Trade open
4614,102532.52,[0.12390056],-0.0153109385,Trade closed
4615,102857.24,[0.12392254],0.0,Trade initiated
4616,102857.24,[0.1250844],-0.005838569,Trade open
4617,102256.7,[0.12208927],-0.005171382,Trade open
4618,102325.33,[0.12347649],-0.0014288615,Trade open
4619,102710.27,[0.12588632],-0.004494473,Trade open
4620,102394.95,[0.12328958],-0.0062367236,Trade open
4621,102215.75,[0.12223199],-0.005347141,Trade open
4622,102307.25,[0.12403941],-0.011523101,Trade open
4623,101672.01,[0.11075935],-0.008820326,Trade open
4624,101950.01,[0.11573571],-0.011410308,Trade open
4625,101683.61,[0.10950956],-0.008087286,Trade open
4626,102025.41,[0.12100988],-0.00887395,Trade open
4627,101944.49,[0.12112661],-0.011186849,Trade open
4628,101706.59,[0.11297856],-0.011877278,Trade open
4629,101635.58,[0.11240522],-0.012969963,Trade open
4630,101523.19,[0.10886016],-0.0033537836,Trade open
4631,102512.28,[0.13049926],-0.0040324396,Trade open
4632,102442.48,[0.13032617],0.02290804,Trade open
4633,105213.5,[0.14907797],0.013195474,Trade open
4634,104214.49,[0.13836978],0.023394378,Trade open
4635,105263.52,[0.14135677],0.030217018,Trade closed
4636,105965.28,[0.14574587],0.0,Trade initiated
4637,105965.28,[0.1419298],-0.0077959644,Trade open
4638,105139.18,[0.13453883],-0.006401566,Trade open
4639,105286.94,[0.13324574],-0.0003538895,Trade open
4640,105927.78,[0.13601008],-0.001983698,Trade open
4641,105755.08,[0.13395748],-0.0051044137,Trade open
4642,105424.39,[0.13244854],-0.010144021,Trade open
4643,104890.37,[0.13021338],-0.020716617,Trade open
4644,103770.04,[0.12676233],-0.0018502523,Trade open
4645,105769.22,[0.13238882],-0.025298897,Trade open
4646,103284.48,[0.12379139],-0.030493774,Trade open
4647,102734.0,[0.11113909],-0.027237253,Trade open
4648,103079.08,[0.11748676],-0.017225277,Trade open
4649,104140.0,[0.12737522],-0.018746337,Trade open
4650,103978.82,[0.12641627],-0.015715422,Trade open
4651,104299.99,[0.12652132],-0.019392554,Trade open
4652,103910.34,[0.12599997],-0.021742234,Trade open
4653,103661.36,[0.12670851],-0.023768768,Trade open
4654,103446.62,[0.12555633],-0.022018857,Trade open
4655,103632.05,[0.1272054],-0.025772445,Trade open
4656,103234.3,[0.12451839],-0.024336021,Trade closed
4657,103386.51,[0.13046195],0.0,Trade initiated
4658,103386.51,[0.12601206],-0.0035836399,Trade open
4659,103016.01,[0.12420546],0.0009040711,Trade open
4660,103479.98,[0.12789054],0.0048869257,Trade open
4661,103891.75,[0.12586632],0.0058227344,Trade open
4662,103988.5,[0.12563208],0.012046875,Trade open
4663,104631.99,[0.133717],0.014443525,Trade open
4664,104879.77,[0.1358093],0.017755127,Trade open
4665,105222.15,[0.1377405],0.014652163,Trade open
4666,104901.34,[0.1330646],0.015519433,Trade open
4667,104991.01,[0.12983191],0.012895708,Trade open
4668,104719.75,[0.12821712],0.01605905,Trade open
4669,105046.8,[0.12897752],0.020893533,Trade open
4670,105546.62,[0.13294445],0.02044996,Trade open
4671,105500.76,[0.13301046],0.02152587,Trade open
4672,105611.99,[0.13354485],0.017025085,Trade open
4673,105146.67,[0.12979726],0.01821797,Trade open
4674,105270.0,[0.12970024],0.0196374,Trade open
4675,105416.75,[0.12995148],0.019232593,Trade open
4676,105374.9,[0.12975393],0.019669818,Trade open
4677,105420.1,[0.13064967],0.018668115,Trade closed
4678,105316.54,[0.13568735],0.0,Trade initiated
4679,105316.54,[0.12874411],0.0019943598,Trade open
4680,105526.58,[0.13006525],-0.00034724188,Trade open
4681,105279.97,[0.13469665],-0.0018844975,Trade open
4682,105118.07,[0.13005027],-0.0004796552,Trade open
4683,105266.02,[0.13024473],0.004191753,Trade open
4684,105758.0,[0.13585909],0.0033089977,Trade open
4685,105665.03,[0.13469236],0.0051600393,Trade open
4686,105859.98,[0.13778986],0.006388998,Trade open
4687,105989.41,[0.14157829],0.0031272538,Trade open
4688,105645.89,[0.13147423],0.011030437,Trade open
4689,106478.23,[0.14196469],0.010842759,Trade open
4690,106458.46,[0.14350474],0.015205945,Trade open
4691,106917.98,[0.14554614],0.009601338,Trade open
4692,106327.72,[0.13249795],0.010001397,Trade open
4693,106369.85,[0.13331921],0.004219645,Trade open
4694,105760.94,[0.1308718],-0.0010580454,Trade open
4695,105205.11,[0.12173339],-0.0043433793,Trade open
4696,104859.11,[0.11221559],-0.0002583729,Trade open
4697,105289.33,[0.12070633],-0.0018224078,Trade open
4698,105124.61,[0.11980254],-0.0032717588,Trade closed
4699,104971.97,[0.12760966],0.0,Trade initiated
4700,104971.97,[0.12055086],-0.0018549595,Trade open
4701,104777.25,[0.11483985],-0.0037325441,Trade open
4702,104580.16,[0.10990584],-0.0009666271,Trade open
4703,104870.5,[0.11606874],-0.0033155428,Trade open
4704,104623.93,[0.11383463],-0.005262119,Trade open
4705,104419.59,[0.11099802],-0.0024754377,Trade open
4706,104712.12,[0.1157181],-0.002228869,Trade open
4707,104738.0,[0.12010028],-0.0028936297,Trade open
4708,104668.22,[0.11717378],-0.0039289505,Trade open
4709,104559.54,[0.1146862],-0.0026222775,Trade open
4710,104696.7,[0.11824501],0.0021951545,Trade open
4711,105202.4,[0.12983741],-0.0006368516,Trade open
4712,104905.12,[0.12789011],-0.0030862405,Trade open
4713,104648.0,[0.12687026],-0.003322911,Trade open
4714,104623.16,[0.1231169],-0.0057729697,Trade open
4715,104365.97,[0.11430143],-0.0057555544,Trade open
4716,104367.8,[0.11376215],-0.0063252007,Trade open
4717,104308.0,[0.11339629],-0.004989353,Trade open
4718,104448.23,[0.12277452],-0.0055823685,Trade open
4719,104385.98,[0.12178349],-0.0060199853,Trade closed
4720,104340.04,[0.12431076],0.0,Trade initiated
4721,104340.04,[0.12108026],1.8569093e-05,Trade open
4722,104341.98,[0.11549002],-0.00038373633,Trade open
4723,104300.0,[0.12034006],0.00025487578,Trade open
4724,104366.63,[0.12310133],-0.00064632425,Trade open
4725,104272.6,[0.11565919],0.0019164353,Trade open
4726,104540.0,[0.12931685],0.0010174816,Trade open
4727,104446.2,[0.12901525],0.0031718707,Trade open
4728,104670.99,[0.12998845],0.0011113753,Trade open
4729,104456.0,[0.12958159],0.0039585116,Trade open
4730,104753.07,[0.12966341],0.0036953245,Trade open
4731,104725.61,[0.12900402],0.0036131863,Trade open
4732,104717.04,[0.12946789],0.0025535498,Trade open
4733,104606.48,[0.13070472],0.002491553,Trade open
4734,104600.01,[0.12940252],0.0056497217,Trade open
4735,104929.53,[0.13274315],0.005345503,Trade open
4736,104897.79,[0.13110131],0.0042786784,Trade open
4737,104786.48,[0.12666646],0.0030176276,Trade open
4738,104654.9,[0.12906171],0.0042166817,Trade open
4739,104780.01,[0.13222925],0.0053639226,Trade open
4740,104899.71,[0.134342],0.00669004,Trade closed
4741,105038.08,[0.1329338],0.0,Trade initiated
4742,105038.08,[0.13352516],-0.0005196776,Trade open
4743,104983.49,[0.13353442],-0.0003348488,Trade open
4744,105002.91,[0.13179651],0.00016258984,Trade open
4745,105055.16,[0.1304584],0.00046530744,Trade open
4746,105086.95,[0.13144475],-0.0006889615,Trade open
4747,104965.71,[0.12810998],-0.00061436056,Trade open
4748,104973.55,[0.13217819],0.0006165919,Trade open
4749,105102.84,[0.1304087],-7.623724e-05,Trade open
4750,105030.07,[0.12848818],0.00037568223,Trade open
4751,105077.54,[0.12801945],-0.00056274235,Trade open
4752,104978.97,[0.1324516],-0.0027725808,Trade open
4753,104746.85,[0.11997379],-0.0035579358,Trade open
4754,104664.36,[0.11633056],-0.004171032,Trade open
4755,104599.96,[0.11070248],-0.0032036745,Trade open
4756,104701.57,[0.11792904],-0.0039672367,Trade open
4757,104621.37,[0.11996428],-0.0032186988,Trade open
4758,104699.99,[0.12355834],-0.0032543258,Trade open
4759,104696.25,[0.12474317],-0.0023937747,Trade open
4760,104786.64,[0.12995557],0.0002317612,Trade open
4761,105062.42,[0.12815467],0.0032552183,Trade closed
4762,105380.0,[0.14010881],0.0,Trade initiated
4763,105380.0,[0.13659321],-0.0019522354,Trade open
4764,105174.27,[0.12989119],-0.0030827422,Trade open
4765,105055.14,[0.12758052],-0.0027128754,Trade open
4766,105094.12,[0.12779248],-0.0030765147,Trade open
4767,105055.8,[0.12717958],-0.0036937748,Trade open
4768,104990.75,[0.12761971],-0.003475962,Trade open
4769,105013.7,[0.12743099],-0.0036216401,Trade open
4770,104998.35,[0.1273513],-0.0037414446,Trade open
4771,104985.73,[0.12401839],-0.0033175324,Trade open
4772,105030.4,[0.12441368],-0.0049717394,Trade open
4773,104856.08,[0.12395439],-0.0071168034,Trade open
4774,104630.03,[0.10993651],-0.0071939793,Trade open
4775,104621.9,[0.11080316],-0.0063077523,Trade open
4776,104715.29,[0.11930244],-0.0064528375,Trade open
4777,104700.0,[0.1230633],-0.005326556,Trade open
4778,104818.69,[0.12759814],-0.0058693094,Trade open
4779,104761.49,[0.12710981],-0.004649839,Trade open
4780,104890.0,[0.1299512],-0.0043367604,Trade open
4781,104922.99,[0.12590149],-0.003969192,Trade open
4782,104961.73,[0.12643576],-0.00507857,Trade closed
4783,104844.82,[0.13101327],0.0,Trade initiated
4784,104844.82,[0.12598519],0.0009459665,Trade open
4785,104944.0,[0.12635837],0.0015755427,Trade open
4786,105010.01,[0.12869088],0.0011654128,Trade open
4787,104967.01,[0.12825513],0.0010253248,Trade open
4788,104952.32,[0.12686826],0.0008889626,Trade open
4789,104938.02,[0.1261906],0.0010031939,Trade open
4790,104950.0,[0.12796842],0.0009565476,Trade open
4791,104945.11,[0.12658842],0.0033306663,Trade open
4792,105194.02,[0.13852948],0.003150266,Trade open
4793,105175.11,[0.13978375],0.0022431961,Trade open
4794,105080.01,[0.13129811],0.0022586952,Trade open
4795,105081.63,[0.12815414],0.0032040656,Trade open
4796,105180.75,[0.1356595],0.0010031194,Trade open
4797,104949.99,[0.13096464],0.0004803975,Trade open
4798,104895.19,[0.11808049],-0.0027434146,Trade open
4799,104557.19,[0.09960088],-0.0030235162,Trade open
4800,104527.82,[0.0996281],-0.0049082213,Trade open
4801,104330.22,[0.09805159],-0.016294543,Trade open
4802,103136.42,[0.09780366],-0.021220125,Trade open
4803,102620.0,[0.09826706],-0.019121489,Trade closed
4804,102840.03,[0.09644304],0.0,Trade initiated
4805,102840.03,[0.09604158],-0.010813214,Trade open
4806,101728.0,[0.09801518],-0.011416775,Trade open
4807,101665.93,[0.09963709],-0.014894416,Trade open
4808,101308.29,[0.10301251],-0.014697888,Trade open
4809,101328.5,[0.10466757],-0.017892169,Trade open
4810,101000.0,[0.10645698],-0.009949843,Trade open
4811,101816.79,[0.1149122],-0.014045023,Trade open
4812,101395.64,[0.11251753],-0.018640906,Trade open
4813,100923.0,[0.11120687],-0.023628855,Trade open
4814,100410.04,[0.11225564],-0.023143118,Trade open
4815,100459.99,[0.11306117],-0.023978533,Trade open
4816,100374.08,[0.11261009],-0.02781041,Trade open
4817,99980.01,[0.11356389],-0.037764583,Trade open
4818,98956.32,[0.1145051],[-0.04822151],Trade closed
4819,97808.1,[0.11655334],0.0,Trade initiated
4820,97808.1,[0.11788976],0.012677087,Trade open
4821,99048.02,[0.12027348],0.0136532495,Trade open
4822,99143.5,[0.11833186],0.012633636,Trade open
4823,99043.77,[0.11780826],0.010322269,Trade open
4824,98817.7,[0.11801538],0.016525025,Trade open
4825,99424.38,[0.12005926],0.013290374,Trade open
4826,99108.01,[0.11890119],0.0059774253,Trade open
4827,98392.74,[0.11840371],0.0127695035,Trade open
4828,99057.06,[0.12114131],0.009743889,Trade open
4829,98761.13,[0.11955356],0.013188133,Trade open
4830,99098.01,[0.12146805],0.028745862,Trade open
4831,100619.68,[0.1215892],0.031437997,Trade open
4832,100882.99,[0.12549514],0.027358579,Trade open
4833,100483.99,[0.12457035],0.030235704,Trade open
4834,100765.4,[0.12596771],0.042049576,Trade open
4835,101920.89,[0.13264464],0.039371897,Trade open
4836,101658.99,[0.12981503],0.033779714,Trade open
4837,101112.03,[0.12536094],0.030888211,Trade open
4838,100829.22,[0.12609214],0.019792823,Trade open
4839,99744.0,[0.12728211],0.018066308,Trade closed
4840,99575.13,[0.12600331],0.0,Trade initiated
4841,99575.13,[0.12245049],-0.0042693894,Trade open
4842,99150.01,[0.11955125],-0.0040542562,Trade open
4843,99171.43,[0.12017106],-0.0039681876,Trade open
4844,99180.0,[0.12014317],0.001153573,Trade open
4845,99690.0,[0.12522332],0.001254235,Trade open
4846,99700.02,[0.1255728],0.0077986023,Trade open
4847,100351.68,[0.12949415],0.01819096,Trade open
4848,101386.5,[0.1275545],0.021063633,Trade open
4849,101672.55,[0.13107188],0.017821107,Trade open
4850,101349.67,[0.12835488],0.019069692,Trade open
4851,101474.0,[0.12909907],0.020708453,Trade open
4852,101637.18,[0.13031353],0.021740573,Trade open
4853,101739.95,[0.13126153],0.025183951,Trade open
4854,102082.83,[0.13321169],0.026270285,Trade open
4855,102191.0,[0.13539043],0.02290607,Trade open
4856,101856.01,[0.13033296],0.019080207,Trade open
4857,101475.05,[0.12961376],0.018152514,Trade open
4858,101382.67,[0.12921757],0.024109542,Trade open
4859,101975.84,[0.13074924],0.028389366,Trade open
4860,102402.01,[0.1341323],0.02789861,Trade closed
4861,102353.14,[0.14094204],0.0,Trade initiated
4862,102353.14,[0.13461886],0.0027666928,Trade open
4863,102636.32,[0.14051017],0.0064545986,Trade open
4864,103013.79,[0.14370894],0.0053570657,Trade open
4865,102901.45,[0.14260893],0.006671525,Trade open
4866,103035.99,[0.13977632],0.0064624604,Trade open
4867,103014.59,[0.13877858],0.0048541347,Trade open
4868,102849.98,[0.13366859],0.0038224738,Trade open
4869,102744.38,[0.13335007],0.0089837555,Trade open
4870,103272.66,[0.13461334],0.0042654104,Trade open
4871,102789.72,[0.1317506],0.004688196,Trade open
4872,102832.99,[0.13204966],0.004866347,Trade open
4873,102851.23,[0.13264656],0.0011892802,Trade open
4874,102474.87,[0.13061354],0.0058899177,Trade open
4875,102955.99,[0.13239528],0.0058693853,Trade open
4876,102953.89,[0.13107316],0.0038320147,Trade open
4877,102745.36,[0.13184385],0.0033250384,Trade open
4878,102693.47,[0.13075645],0.0039946716,Trade open
4879,102762.01,[0.13191086],0.003230467,Trade open
4880,102683.79,[0.12991454],0.0024117634,Trade open
4881,102599.99,[0.12555702],0.004561261,Trade closed
4882,102820.0,[0.13445199],0.0,Trade initiated
4883,102820.0,[0.12990628],-0.0021653436,Trade open
4884,102597.36,[0.12596539],-0.0023316687,Trade open
4885,102580.26,[0.11302456],-0.0017312567,Trade open
4886,102641.99,[0.12780891],0.003795164,Trade open
4887,103210.22,[0.13688116],-0.00040855684,Trade open
4888,102777.99,[0.13056657],-0.0075666974,Trade open
4889,102041.99,[0.11353142],-0.0055435924,Trade open
4890,102250.01,[0.1190663],0.00028067862,Trade open
4891,102848.86,[0.12807763],-0.0024040039,Trade open
4892,102572.82,[0.1284058],0.0003361457,Trade open
4893,102854.56,[0.127353],-0.0059736525,Trade open
4894,102205.79,[0.1242105],-0.0056688115,Trade open
4895,102237.13,[0.11949056],-0.0038490354,Trade open
4896,102424.24,[0.12724864],-0.008246511,Trade open
4897,101972.09,[0.12085673],-0.015128608,Trade open
4898,101264.48,[0.10836722],-0.0131204715,Trade open
4899,101470.95,[0.11172927],-0.024178099,Trade open
4900,100334.01,[0.10128125],-0.020270254,Trade open
4901,100735.81,[0.10672858],-0.015117362,Trade open
4902,101265.63,[0.12100486],-0.018150348,Trade closed
4903,100953.78,[0.1220814],0.0,Trade initiated
4904,100953.78,[0.12036627],0.003781356,Trade open
4905,101335.52,[0.12252785],0.0051927385,Trade open
4906,101478.01,[0.12688565],0.0074173794,Trade open
4907,101702.59,[0.12818111],0.0071653305,Trade open
4908,101677.15,[0.13107942],0.00882822,Trade open
4909,101845.02,[0.12934041],0.008863121,Trade open
4910,101848.55,[0.12851448],0.008336659,Trade open
4911,101795.4,[0.12941709],0.010384935,Trade open
4912,102002.18,[0.12961987],0.010741766,Trade open
4913,102038.2,[0.12881961],0.011684028,Trade open
4914,102133.33,[0.12925352],0.010373868,Trade open
4915,102001.06,[0.12725492],0.012067016,Trade open
4916,102171.99,[0.12723407],0.012958591,Trade open
4917,102262.0,[0.12867002],0.015544706,Trade open
4918,102523.08,[0.13408482],0.018304013,Trade open
4919,102801.64,[0.13918333],0.015628362,Trade open
4920,102531.52,[0.13258703],0.01785014,Trade open
4921,102755.82,[0.13255446],0.019232348,Trade open
4922,102895.36,[0.13472757],0.017614497,Trade open
4923,102732.03,[0.13087422],0.013830277,Trade closed
4924,102350.0,[0.13300052],0.0,Trade initiated
4925,102350.0,[0.13009009],-0.00015243344,Trade open
4926,102334.4,[0.13129729],0.0019829324,Trade open
4927,102552.95,[0.12878606],0.0019248443,Trade open
4928,102547.01,[0.1286402],0.0026379304,Trade open
4929,102619.99,[0.13043642],0.0028920372,Trade open
4930,102646.0,[0.12752666],0.0006839277,Trade open
4931,102420.0,[0.13020398],-0.0011738978,Trade open
4932,102229.85,[0.1195005],-0.004435683,Trade open
4933,101896.01,[0.10791682],-0.00501977,Trade open
4934,101836.23,[0.10643499],-0.0017914174,Trade open
4935,102166.65,[0.12251028],-0.0031272136,Trade open
4936,102029.93,[0.12084474],-0.0035173425,Trade open
4937,101990.0,[0.12582062],-0.0036074133,Trade open
4938,101980.78,[0.12268857],-0.004611703,Trade open
4939,101877.99,[0.12099666],-0.0025206858,Trade open
4940,102092.01,[0.1272457],0.00057744567,Trade open
4941,102409.1,[0.12944898],0.0005566836,Trade open
4942,102406.98,[0.12729605],0.0022608542,Trade open
4943,102581.4,[0.13497663],0.0049257297,Trade open
4944,102854.15,[0.13751736],-0.007837155,Trade closed
4945,101547.87,[0.12340849],0.0,Trade initiated
4946,101547.87,[0.11571308],0.020050889,Trade open
4947,103583.99,[0.13730958],0.02773792,Trade open
4948,104364.59,[0.14498375],0.026057294,Trade open
4949,104193.93,[0.14061351],0.025240637,Trade open
4950,104111.0,[0.13611746],0.021598112,Trade open
4951,103741.11,[0.13277507],0.021895232,Trade open
4952,103771.28,[0.13439955],0.019145604,Trade open
4953,103492.06,[0.13264544],0.026064293,Trade open
4954,104194.64,[0.13299151],0.021520639,Trade open
4955,103733.24,[0.13161375],0.019676758,Trade open
4956,103546.0,[0.13120104],0.024403978,Trade open
4957,104026.04,[0.13168977],0.027813008,Trade open
4958,104372.22,[0.13271868],0.026748776,Trade open
4959,104264.15,[0.13228473],0.02769399,Trade open
4960,104360.13,[0.13281186],0.030678343,Trade open
4961,104663.19,[0.1379083],0.030878834,Trade open
4962,104683.55,[0.13775522],0.035925254,Trade open
4963,105196.0,[0.14536603],0.034680612,Trade open
4964,105069.61,[0.14183739],0.03870227,Trade open
4965,105478.0,[0.14182895],0.036996253,Trade closed
4966,105304.76,[0.14323886],0.0,Trade initiated
4967,105304.76,[0.13914764],0.0006737142,Trade open
4968,105375.7,[0.1349208],-0.00087365473,Trade open
4969,105212.76,[0.13572872],-0.0011432591,Trade open
4970,105184.37,[0.13373713],-0.0028183823,Trade open
4971,105007.97,[0.1325997],-0.0016398832,Trade open
4972,105132.07,[0.13329138],-0.001308108,Trade open
4973,105167.01,[0.13310947],-0.0023242065,Trade open
4974,105060.01,[0.1330211],-0.00010275236,Trade open
4975,105293.94,[0.13316293],0.0010188435,Trade open
4976,105412.05,[0.13614424],-0.00044380117,Trade open
4977,105258.02,[0.13299555],0.0003859334,Trade open
4978,105345.4,[0.1333661],-0.001716595,Trade open
4979,105123.99,[0.13395265],-3.917202e-05,Trade open
4980,105300.63,[0.1337826],-0.0025514488,Trade open
4981,105036.08,[0.1310295],-0.0027041305,Trade open
4982,105020.0,[0.12843381],-0.0004331179,Trade open
4983,105259.15,[0.13290192],-0.004033679,Trade open
4984,104879.99,[0.12582888],-0.0037542076,Trade open
4985,104909.42,[0.12310333],0.0058479076,Trade open
4986,105920.57,[0.14412822],0.0018378948,Trade closed
4987,105498.3,[0.13827479],0.0,Trade initiated
4988,105498.3,[0.13974783],0.0006227885,Trade open
4989,105564.0,[0.1347025],0.0042695445,Trade open
4990,105948.73,[0.13587253],0.0018831021,Trade open
4991,105696.96,[0.13148555],-0.0034742118,Trade open
4992,105131.77,[0.1299763],-0.0018795475,Trade open
4993,105300.01,[0.13064933],-0.0055692545,Trade open
4994,104910.75,[0.1244502],0.00076452654,Trade open
4995,105578.95,[0.13376965],-0.0008296194,Trade open
4996,105410.77,[0.13263057],0.0020187679,Trade open
4997,105711.27,[0.13101515],0.0014668483,Trade open
4998,105653.05,[0.13077252],-0.005603393,Trade open
4999,104907.15,[0.12252293],-0.0046595093,Trade open
5000,105006.73,[0.12176032],-0.004259844,Trade open
5001,105048.89,[0.12436702],-0.0038969824,Trade open
5002,105087.17,[0.12507446],-0.0038269279,Trade open
5003,105094.56,[0.12826286],-0.0028043995,Trade open
5004,105202.44,[0.12918423],-0.0073494967,Trade open
5005,104722.94,[0.1169924],-0.0069644195,Trade open
5006,104763.56,[0.11028921],-0.0056854445,Trade open
5007,104898.49,[0.12410031],-0.009470532,Trade closed
5008,104499.17,[0.11790758],0.0,Trade initiated
5009,104499.17,[0.11105249],0.002204862,Trade open
5010,104729.58,[0.11767872],-0.0012483652,Trade open
5011,104368.72,[0.10985956],-0.0015067405,Trade open
5012,104341.72,[0.10881627],-0.0037623653,Trade open
5013,104106.01,[0.10551031],-0.0014804992,Trade open
5014,104344.46,[0.11169135],1.1363726e-05,Trade open
5015,104500.36,[0.1220049],-0.0047042836,Trade open
5016,104007.58,[0.11057132],-0.0007685468,Trade open
5017,104418.86,[0.11932376],-0.0017158479,Trade open
5018,104319.87,[0.11935806],0.00038920762,Trade open
5019,104539.84,[0.12620117],0.00011341298,Trade open
5020,104511.02,[0.12996566],0.0016989518,Trade open
5021,104676.71,[0.13114645],-0.002972362,Trade open
5022,104188.56,[0.12121857],-0.003977155,Trade open
5023,104083.56,[0.11671856],-0.0045013814,Trade open
5024,104028.78,[0.1157607],-0.002923842,Trade open
5025,104193.63,[0.1181353],-0.002321639,Trade open
5026,104256.56,[0.12596223],-0.00330348,Trade open
5027,104153.96,[0.12365167],-0.0020581053,Trade open
5028,104284.1,[0.12739113],0.003103643,Trade closed
5029,104823.5,[0.12676583],0.0,Trade initiated
5030,104823.5,[0.12969296],-0.0008347365,Trade open
5031,104736.0,[0.12822436],-0.0011219752,Trade open
5032,104705.89,[0.12685363],-0.0011335274,Trade open
5033,104704.68,[0.1267402],0.0003743644,Trade open
5034,104862.74,[0.12952535],-0.0015213818,Trade open
5035,104664.02,[0.12671784],-0.00097485294,Trade open
5036,104721.31,[0.12960267],-0.0036319236,Trade open
5037,104442.79,[0.12812988],0.003269782,Trade open
5038,105166.25,[0.13610265],0.0061103455,Trade open
5039,105464.01,[0.14165428],-0.00018595246,Trade open
5040,104804.01,[0.12835431],0.0024647831,Trade open
5041,105081.87,[0.13080308],0.0016432384,Trade open
5042,104995.75,[0.13377994],-0.0023146796,Trade open
5043,104580.87,[0.12919913],-0.0076778615,Trade open
5044,104018.68,[0.1138614],-0.020951513,Trade open
5045,102627.29,[0.1030546],-0.022086382,Trade open
5046,102508.33,[0.10016473],-0.023956267,Trade open
5047,102312.32,[0.09798066],-0.027523125,Trade open
5048,101938.43,[0.09857295],-0.029988281,Trade open
5049,101680.02,[0.10062382],-0.030510215,Trade closed
5050,101625.31,[0.10723527],0.0,Trade initiated
5051,101625.31,[0.10284795],0.00515043,Trade open
5052,102148.73,[0.11300028],0.0072890306,Trade open
5053,102366.06,[0.11997543],0.0062581296,Trade open
5054,102261.3,[0.11953947],0.00632455,Trade open
5055,102268.05,[0.11934172],0.007913874,Trade open
5056,102429.56,[0.12081627],0.0064646173,Trade open
5057,102282.28,[0.11837696],0.00855717,Trade open
5058,102494.94,[0.12215076],0.010677165,Trade open
5059,102710.38,[0.12713775],0.009256429,Trade open
5060,102566.0,[0.12656519],0.010639266,Trade open
5061,102706.53,[0.12810397],0.008289873,Trade open
5062,102467.77,[0.1255533],0.007091614,Trade open
5063,102346.0,[0.12250175],0.0061389725,Trade open
5064,102249.19,[0.12025243],0.0060295016,Trade open
5065,102238.06,[0.11929014],0.00679795,Trade open
5066,102316.16,[0.12087391],0.008404955,Trade open
5067,102479.47,[0.12577838],0.008606984,Trade open
5068,102500.0,[0.12831967],0.0071791755,Trade open
5069,102354.9,[0.12308281],0.0076515754,Trade open
5070,102402.91,[0.12336111],0.006653116,Trade closed
5071,102301.44,[0.12283892],0.0,Trade initiated
5072,102301.44,[0.12100578],-0.001319095,Trade open
5073,102166.49,[0.11639479],-0.0028560662,Trade open
5074,102009.26,[0.10731817],-0.0027818372,Trade open
5075,102016.85,[0.10565575],-0.0042648166,Trade open
5076,101865.14,[0.10267872],-0.006113749,Trade open
5077,101675.99,[0.0982673],-0.0041974606,Trade open
5078,101872.03,[0.10757346],-0.006485124,Trade open
5079,101638.0,[0.10357086],-0.0031354185,Trade open
5080,101980.68,[0.11644915],-0.0026649185,Trade open
5081,102028.81,[0.11979737],-0.0012007254,Trade open
5082,102178.6,[0.12708019],-0.00023192794,Trade open
5083,102277.71,[0.13114399],-0.0005419034,Trade open
5084,102246.0,[0.13075793],-0.004226862,Trade open
5085,101869.02,[0.1193585],-0.0018597766,Trade open
5086,102111.18,[0.1234475],-0.0046324497,Trade open
5087,101827.53,[0.12173855],-0.002894479,Trade open
5088,102005.33,[0.12362127],-0.0022242784,Trade open
5089,102073.89,[0.12742142],-0.0021035415,Trade open
5090,102086.24,[0.12635085],-0.0039991345,Trade open
5091,101892.32,[0.12405836],-0.000869978,Trade closed
5092,102212.44,[0.12659939],0.0,Trade initiated
5093,102212.44,[0.13115498],0.0004897123,Trade open
5094,102262.49,[0.131737],-0.0005693565,Trade open
5095,102154.24,[0.13052395],-0.0020421622,Trade open
5096,102003.7,[0.12695347],-0.003967992,Trade open
5097,101806.86,[0.11302035],-0.00531086,Trade open
5098,101669.6,[0.10375272],-0.009749379,Trade open
5099,101215.93,[0.09984248],-0.008600653,Trade open
5100,101333.34,[0.10235347],-0.0071591856,Trade open
5101,101480.68,[0.10954838],-0.009906986,Trade open
5102,101199.82,[0.10536225],-0.014503494,Trade open
5103,100730.0,[0.09822223],-0.0151207745,Trade open
